-- MySQL dump 10.13  Distrib 8.0.33, for Win64 (x86_64)
--
-- Host: 127.0.0.1    Database: ivana_centro
-- ------------------------------------------------------
-- Server version	8.0.33

/*!40101 SET @OLD_CHARACTER_SET_CLIENT=@@CHARACTER_SET_CLIENT */;
/*!40101 SET @OLD_CHARACTER_SET_RESULTS=@@CHARACTER_SET_RESULTS */;
/*!40101 SET @OLD_COLLATION_CONNECTION=@@COLLATION_CONNECTION */;
/*!50503 SET NAMES utf8mb4 */;
/*!40103 SET @OLD_TIME_ZONE=@@TIME_ZONE */;
/*!40103 SET TIME_ZONE='+00:00' */;
/*!40014 SET @OLD_UNIQUE_CHECKS=@@UNIQUE_CHECKS, UNIQUE_CHECKS=0 */;
/*!40014 SET @OLD_FOREIGN_KEY_CHECKS=@@FOREIGN_KEY_CHECKS, FOREIGN_KEY_CHECKS=0 */;
/*!40101 SET @OLD_SQL_MODE=@@SQL_MODE, SQL_MODE='NO_AUTO_VALUE_ON_ZERO' */;
/*!40111 SET @OLD_SQL_NOTES=@@SQL_NOTES, SQL_NOTES=0 */;

--
-- Table structure for table `assurances`
--

DROP TABLE IF EXISTS `assurances`;
/*!40101 SET @saved_cs_client     = @@character_set_client */;
/*!50503 SET character_set_client = utf8mb4 */;
CREATE TABLE `assurances` (
  `id` bigint NOT NULL AUTO_INCREMENT,
  `ContractId` bigint NOT NULL,
  `fullName` varchar(255) NOT NULL,
  `address` varchar(255) NOT NULL,
  `phone` varchar(255) NOT NULL,
  `email` varchar(255) NOT NULL,
  `cuit` varchar(255) NOT NULL,
  `obs` varchar(255) DEFAULT NULL,
  `createdAt` datetime NOT NULL,
  `updatedAt` datetime NOT NULL,
  PRIMARY KEY (`id`),
  KEY `ContractId` (`ContractId`),
  CONSTRAINT `assurances_ibfk_1` FOREIGN KEY (`ContractId`) REFERENCES `contracts` (`id`) ON UPDATE CASCADE
) ENGINE=InnoDB AUTO_INCREMENT=9 DEFAULT CHARSET=utf8mb4 COLLATE=utf8mb4_0900_ai_ci;
/*!40101 SET character_set_client = @saved_cs_client */;

--
-- Dumping data for table `assurances`
--

LOCK TABLES `assurances` WRITE;
/*!40000 ALTER TABLE `assurances` DISABLE KEYS */;
INSERT INTO `assurances` (`id`, `ContractId`, `fullName`, `address`, `phone`, `email`, `cuit`, `obs`, `createdAt`, `updatedAt`) VALUES (1,4,'444444.11111','Eva Peron 2368 Villa Gobernador Galvez, Santa Fe','0000000','4444111@gmail.com','27-11.710.912-2','empleada como personal domestico de la Sra. Scarpecci Nilda Dni: 10.922.204, Cuil/Cuit nº: 27-10.922.204-1, con domicilio en calle Av. Libertad 205 de la ciudad de Rosario desde el 01/01/2006','2023-04-21 15:18:33','2023-05-02 00:55:00'),(2,3,'33333.111 Name','Eva Peron 2368 Villa Gobernador Galvez, Santa Fe','0000000','333333.11@gmail.com','27-11.710.912-2','empleada como personal domestico de la Sra. Scarpecci Nilda Dni: 10.922.204, Cuil/Cuit nº: 27-10.922.204-1, con domicilio en calle Av. Libertad 205 de la ciudad de Rosario desde el 01/01/2006','2023-04-21 15:19:38','2023-05-02 00:55:00'),(3,3,'33333.2222','Eva Peron 2368 Villa Gobernador Galvez, Rosario, Santa Fe,','3415 31-3974','3333.222@gmail.com','30.624.693','empleado de la empresa Frigorifcio Paladini S.A. cito en calle J. Piazza 63 / 2124 Villa Gobernador Galvez desde el 13/10/2004 Cuil nº: 20-30624693-4','2023-04-21 15:23:14','2023-05-02 00:55:00'),(4,4,'44444.22222','Isola 375 Piso 3 Depto. “C” de la ciudad de Rosario','000000000','4444.222@gmail.com','20-10.779.352-7','empleados del Hospital Español S.A. cito en calle Sarmiento 3150 de la ciudad de Rosario, como enfermero de piso desde 01/01/199','2023-04-21 15:25:02','2023-05-02 00:55:00'),(5,56,'Test','sarmiento 1233','565645454tr5','test@test.com','788978786','dfdffdfad xvcv fgdr gdfgsdfgsfdgsrtyytrytyetyb  tyetyty e\ndfdffdfad xvcv fgdr gdfgsdfgsfdgsrtyytrytyetyb  tyetyty e\ndfdffdfad xvcv fgdr gdfgsdfgsfdgsrtyytrytyetyb  tyetyty e\ndfdffdfad xvcv fgdr gdfgsdfgsfdgsrtyytrytyetyb  tyetyty e\ndfdffdfad xvcv fgdr gdf','2023-09-08 20:00:17','2023-09-08 20:00:48'),(6,55,'test','sarmienrp 2989','7676768','test@tes.com','8898989','hdhsdgsf sfgsfg','2023-10-01 21:44:09','2023-10-01 21:44:09'),(7,57,'Jean Messeroux','Sarmiento','23490930898','luchito.rc4@gmail.com','8898989','','2023-10-01 22:53:52','2023-10-01 22:53:52'),(8,59,'test','sa78yiuhdjjhjd','7987787988','test@gmail.com','787679879879','hsuyiuybui re rte trrter ','2023-11-06 13:34:51','2023-11-06 13:34:51');
/*!40000 ALTER TABLE `assurances` ENABLE KEYS */;
UNLOCK TABLES;

--
-- Table structure for table `auths`
--

DROP TABLE IF EXISTS `auths`;
/*!40101 SET @saved_cs_client     = @@character_set_client */;
/*!50503 SET character_set_client = utf8mb4 */;
CREATE TABLE `auths` (
  `id` bigint NOT NULL AUTO_INCREMENT,
  `uuid` char(36) CHARACTER SET utf8mb4 COLLATE utf8mb4_bin DEFAULT NULL,
  `email` varchar(255) NOT NULL,
  `fullName` varchar(255) NOT NULL,
  `photo` varchar(255) DEFAULT NULL,
  `password` varchar(255) NOT NULL,
  `passwordChangedAt` datetime DEFAULT NULL,
  `passwordResetToken` varchar(255) DEFAULT NULL,
  `passwordResetExpires` datetime DEFAULT NULL,
  `createdAt` datetime NOT NULL,
  `updatedAt` datetime NOT NULL,
  PRIMARY KEY (`id`),
  UNIQUE KEY `auths_email_unique` (`email`)
) ENGINE=InnoDB AUTO_INCREMENT=3 DEFAULT CHARSET=utf8mb4 COLLATE=utf8mb4_0900_ai_ci;
/*!40101 SET character_set_client = @saved_cs_client */;

--
-- Dumping data for table `auths`
--

LOCK TABLES `auths` WRITE;
/*!40000 ALTER TABLE `auths` DISABLE KEYS */;
INSERT INTO `auths` (`id`, `uuid`, `email`, `fullName`, `photo`, `password`, `passwordChangedAt`, `passwordResetToken`, `passwordResetExpires`, `createdAt`, `updatedAt`) VALUES (1,'9b2df0fe-26a0-4acf-9b42-ed3d1fdbf6a8','prod_dev@gmail.com','DEV',NULL,'$2a$12$Oiia4EmXAXgLsPAstuB0kuNbUaGQAuZzcQyTqPiHpHPEnEZIzEZHS',NULL,NULL,NULL,'2023-04-14 21:24:56','2023-08-10 18:56:51'),(2,'48b21f23-0446-4a44-ab10-685b2ea86e12','Inmobiliaria.centro.1980@gmail.com','Ivana Anabel','https://res.cloudinary.com/draxircbk/image/upload/v1681669846/ivana_inmobilaria/representacion-3d-avatar-llamada-zoom_3_pq8blk.jpg','$2a$12$xKT4wWNDRO7wHscguPLo5OFBQpEdtYOsNZbDr6EOPxNGRuHGZLEOS',NULL,NULL,NULL,'2023-04-16 18:33:33','2023-05-02 00:54:58');
/*!40000 ALTER TABLE `auths` ENABLE KEYS */;
UNLOCK TABLES;

--
-- Table structure for table `budgets`
--

DROP TABLE IF EXISTS `budgets`;
/*!40101 SET @saved_cs_client     = @@character_set_client */;
/*!50503 SET character_set_client = utf8mb4 */;
CREATE TABLE `budgets` (
  `id` bigint NOT NULL AUTO_INCREMENT,
  `PropertyId` bigint NOT NULL,
  `type` varchar(25) NOT NULL,
  `description` varchar(255) NOT NULL,
  `category` varchar(15) NOT NULL,
  `photo` varchar(255) DEFAULT NULL,
  `createdAt` datetime NOT NULL,
  `updatedAt` datetime NOT NULL,
  `approved` tinyint(1) DEFAULT '0',
  `state` varchar(11) DEFAULT 'En curso',
  `charged` tinyint(1) DEFAULT '0',
  `belongsTo` varchar(11) NOT NULL,
  PRIMARY KEY (`id`),
  KEY `PropertyId` (`PropertyId`),
  CONSTRAINT `budgets_ibfk_1` FOREIGN KEY (`PropertyId`) REFERENCES `properties` (`id`) ON UPDATE CASCADE
) ENGINE=InnoDB AUTO_INCREMENT=18 DEFAULT CHARSET=utf8mb4 COLLATE=utf8mb4_0900_ai_ci;
/*!40101 SET character_set_client = @saved_cs_client */;

--
-- Dumping data for table `budgets`
--

LOCK TABLES `budgets` WRITE;
/*!40000 ALTER TABLE `budgets` DISABLE KEYS */;
INSERT INTO `budgets` (`id`, `PropertyId`, `type`, `description`, `category`, `photo`, `createdAt`, `updatedAt`, `approved`, `state`, `charged`, `belongsTo`) VALUES (16,15,'Presupuesto','Se coto la luz hace una semana g fggfgfg  gsdfg  fgfgfgbfgh  hfgh  g ggh fg h  hggg hg g hgh fgfg hg  gfhfghfgh hghdfghg ghfghgh g hgfhdhg hfgh fg hgfghfgh dfgh h ghdghgh ghfg hghfgh gg hgfhghdgh gh ghfgh gh gfhgfhfgh dfgh g hghgf hgfhgfhghgfhggfhghfghgfh','Electricista','https://res.cloudinary.com/draxircbk/image/upload/v1694015550/ivana_centro/budgets/budget_15_1694015545111.png','2023-09-06 15:51:27','2023-09-06 16:06:23',1,'Aprobado',1,'Propietario'),(17,46,'Factura','this a test','Gasista','','2023-09-06 16:03:37','2023-09-06 16:04:57',0,'Visto',0,'Inquilino');
/*!40000 ALTER TABLE `budgets` ENABLE KEYS */;
UNLOCK TABLES;

--
-- Table structure for table `claims`
--

DROP TABLE IF EXISTS `claims`;
/*!40101 SET @saved_cs_client     = @@character_set_client */;
/*!50503 SET character_set_client = utf8mb4 */;
CREATE TABLE `claims` (
  `id` bigint NOT NULL AUTO_INCREMENT,
  `PropertyId` bigint NOT NULL,
  `state` varchar(10) NOT NULL DEFAULT 'Abierto',
  `details` longtext,
  `description` varchar(255) NOT NULL,
  `createdAt` datetime NOT NULL,
  `updatedAt` datetime NOT NULL,
  `deletedAt` datetime DEFAULT NULL,
  PRIMARY KEY (`id`),
  KEY `PropertyId` (`PropertyId`),
  CONSTRAINT `claims_ibfk_1` FOREIGN KEY (`PropertyId`) REFERENCES `properties` (`id`) ON UPDATE CASCADE
) ENGINE=InnoDB AUTO_INCREMENT=3 DEFAULT CHARSET=utf8mb4 COLLATE=utf8mb4_0900_ai_ci;
/*!40101 SET character_set_client = @saved_cs_client */;

--
-- Dumping data for table `claims`
--

LOCK TABLES `claims` WRITE;
/*!40000 ALTER TABLE `claims` DISABLE KEYS */;
INSERT INTO `claims` (`id`, `PropertyId`, `state`, `details`, `description`, `createdAt`, `updatedAt`, `deletedAt`) VALUES (1,9,'Abierto','[{\"comment\":\"dfhsfh f fhhsfhfhfdh f hdfsd. \\nCategorias : \\n. helado \\n. otro mas \\n. vamos \\n\\nvamos a definir otras cosas papa jkjkdfg\\nfdgfg g fg fgs\",\"date\":\"2023-09-05T21:39:29.882Z\"}]','Filtracion seca en techo de baño y cocina. Se reclama a administracion del edificio para que reparen y pinten','2023-04-26 16:06:14','2023-09-05 21:39:29',NULL),(2,22,'Abierto','[{\"comment\":\"Los conceptos a decontar : \\n1. cochera \\n2. plata \\n3. lavar \\n4. otra cosa no se \",\"date\":\"2023-09-05T21:15:52.076Z\"},{\"comment\":\"ewrqewr\\nrregegwe\\nrgrewertr\\n1. rewertret\\n\",\"date\":\"2023-09-08T15:26:50.361Z\"}]','REAPARACION BAÑO por cambio desagüe - Verificar montos de alquileres pagados a propietario y descuentos de expensas extraordinarias - ','2023-04-26 16:08:23','2023-11-06 14:02:52',NULL);
/*!40000 ALTER TABLE `claims` ENABLE KEYS */;
UNLOCK TABLES;

--
-- Table structure for table `clientexpenses`
--

DROP TABLE IF EXISTS `clientexpenses`;
/*!40101 SET @saved_cs_client     = @@character_set_client */;
/*!50503 SET character_set_client = utf8mb4 */;
CREATE TABLE `clientexpenses` (
  `id` bigint NOT NULL AUTO_INCREMENT,
  `description` varchar(255) NOT NULL,
  `amount` float NOT NULL,
  `date` date NOT NULL,
  `ContractId` bigint NOT NULL,
  `createdAt` datetime NOT NULL,
  `updatedAt` datetime NOT NULL,
  PRIMARY KEY (`id`),
  KEY `ContractId` (`ContractId`),
  CONSTRAINT `clientexpenses_ibfk_1` FOREIGN KEY (`ContractId`) REFERENCES `contracts` (`id`) ON UPDATE CASCADE
) ENGINE=InnoDB AUTO_INCREMENT=115 DEFAULT CHARSET=utf8mb4 COLLATE=utf8mb4_0900_ai_ci;
/*!40101 SET character_set_client = @saved_cs_client */;

--
-- Dumping data for table `clientexpenses`
--

LOCK TABLES `clientexpenses` WRITE;
/*!40000 ALTER TABLE `clientexpenses` DISABLE KEYS */;
INSERT INTO `clientexpenses` (`id`, `description`, `amount`, `date`, `ContractId`, `createdAt`, `updatedAt`) VALUES (1,'Seguro',3224,'2023-04-24',2,'2023-04-24 14:52:06','2023-05-02 00:55:00'),(2,'Seguro',3224,'2023-04-24',50,'2023-04-24 14:52:18','2023-05-02 00:55:00'),(3,'Seguro',3224,'2023-04-24',50,'2023-04-24 14:52:31','2023-05-02 00:55:00'),(4,'Seguro',3224,'2023-04-24',50,'2023-04-24 14:52:43','2023-05-02 00:55:00'),(5,'Seguro',3224,'2023-04-24',49,'2023-04-24 14:53:04','2023-05-02 00:55:00'),(6,'Seguro',3224,'2023-04-24',48,'2023-04-24 14:53:13','2023-05-02 00:55:00'),(7,'Seguro',3224,'2023-04-24',47,'2023-04-24 14:53:26','2023-05-02 00:55:00'),(8,'Seguro',6300,'2023-04-24',46,'2023-04-24 14:59:43','2023-05-02 00:55:00'),(9,'Seguro',3241,'2023-04-24',45,'2023-04-24 15:00:27','2023-05-02 00:55:00'),(10,'Seguro',2824,'2023-04-24',44,'2023-04-24 15:00:47','2023-05-02 00:55:00'),(11,'Seguro',3224,'2023-04-24',43,'2023-04-24 15:00:59','2023-05-02 00:55:00'),(12,'Seguro',3224,'2023-04-24',42,'2023-04-24 15:01:11','2023-05-02 00:55:00'),(13,'Seguro',3224,'2023-04-24',41,'2023-04-24 15:01:21','2023-05-02 00:55:00'),(14,'Seguro',3224,'2023-04-24',40,'2023-04-24 15:01:31','2023-05-02 00:55:00'),(15,'Seguro',3224,'2023-04-24',39,'2023-04-24 15:01:47','2023-05-02 00:55:00'),(16,'Seguro',3224,'2023-04-24',35,'2023-04-24 15:01:57','2023-05-02 00:55:00'),(17,'Seguro',3224,'2023-04-24',32,'2023-04-24 15:02:08','2023-05-02 00:55:00'),(18,'Seguro',3224,'2023-04-24',31,'2023-04-24 15:02:19','2023-05-02 00:55:00'),(19,'Seguro',3224,'2023-04-24',30,'2023-04-24 15:02:31','2023-05-02 00:55:00'),(20,'Seguro',3224,'2023-04-24',29,'2023-04-24 15:02:44','2023-05-02 00:55:00'),(21,'Seguro',3224,'2023-04-24',28,'2023-04-24 15:02:53','2023-05-02 00:55:00'),(22,'Seguro',3224,'2023-04-24',27,'2023-04-24 15:03:14','2023-05-02 00:55:00'),(23,'Seguro',3224,'2023-04-24',27,'2023-04-24 15:03:25','2023-05-02 00:55:00'),(24,'Seguro',3224,'2023-04-24',26,'2023-04-24 15:03:37','2023-05-02 00:55:00'),(25,'Seguro',3224,'2023-04-24',25,'2023-04-24 15:03:49','2023-05-02 00:55:00'),(26,'Seguro',3224,'2023-04-24',24,'2023-04-24 15:04:02','2023-05-02 00:55:00'),(27,'Seguro',3224,'2023-04-24',23,'2023-04-24 15:04:11','2023-05-02 00:55:00'),(28,'Seguro',3224,'2023-04-24',22,'2023-04-24 15:04:24','2023-05-02 00:55:00'),(29,'Seguro',3224,'2023-04-24',21,'2023-04-24 15:04:34','2023-05-02 00:55:00'),(30,'Seguro',3224,'2023-04-24',20,'2023-04-24 15:04:50','2023-05-02 00:55:00'),(31,'Seguro',3224,'2023-04-24',19,'2023-04-24 15:05:06','2023-05-02 00:55:00'),(32,'Seguro',3224,'2023-04-24',18,'2023-04-24 15:05:35','2023-05-02 00:55:00'),(33,'Seguro',3224,'2023-04-24',17,'2023-04-24 15:05:48','2023-05-02 00:55:00'),(34,'Seguro',3224,'2023-04-24',16,'2023-04-24 15:06:01','2023-05-02 00:55:00'),(35,'Seguro',3224,'2023-04-24',15,'2023-04-24 15:06:16','2023-05-02 00:55:00'),(36,'Seguro',3224,'2023-04-24',13,'2023-04-24 15:06:28','2023-05-02 00:55:00'),(37,'Seguro',3224,'2023-04-24',12,'2023-04-24 15:06:48','2023-05-02 00:55:00'),(38,'Seguro',3224,'2023-04-24',11,'2023-04-24 15:07:12','2023-05-02 00:55:00'),(39,'Seguro',3224,'2023-04-24',10,'2023-04-24 15:07:24','2023-05-02 00:55:00'),(40,'Seguro',3224,'2023-04-24',9,'2023-04-24 15:07:34','2023-05-02 00:55:00'),(41,'Seguro',3224,'2023-04-24',9,'2023-04-24 15:07:52','2023-05-02 00:55:00'),(42,'Seguro',3224,'2023-04-24',8,'2023-04-24 15:08:25','2023-05-02 00:55:00'),(43,'Seguro',3224,'2023-04-24',7,'2023-04-24 15:08:47','2023-05-02 00:55:00'),(44,'Seguro',3224,'2023-04-24',6,'2023-04-24 15:09:01','2023-05-02 00:55:00'),(45,'Seguro',3224,'2023-04-24',5,'2023-04-24 15:09:14','2023-05-02 00:55:00'),(46,'Seguro',3224,'2023-04-24',4,'2023-04-24 15:09:25','2023-05-02 00:55:00'),(47,'Seguro',3224,'2023-04-24',3,'2023-04-24 15:09:36','2023-05-02 00:55:00'),(48,'Seguro',3224,'2023-04-24',2,'2023-04-24 15:09:48','2023-05-02 00:55:00'),(49,'Seguro',3224,'2023-04-24',1,'2023-04-24 15:09:57','2023-05-02 00:55:00'),(50,'Expensas',1200,'2023-04-24',35,'2023-04-24 15:12:49','2023-05-02 00:55:00'),(51,'Expensas',1500,'2023-04-24',32,'2023-04-24 15:14:25','2023-05-02 00:55:00'),(52,'Gastos Bancarios',500,'2023-04-24',50,'2023-04-24 15:26:47','2023-05-02 00:55:00'),(53,'Gastos Bancarios',500,'2023-04-24',49,'2023-04-24 15:26:57','2023-05-02 00:55:00'),(54,'Gastos Bancarios',500,'2023-04-24',48,'2023-04-24 15:27:04','2023-05-02 00:55:00'),(55,'Gastos Bancarios',500,'2023-04-24',47,'2023-04-24 15:27:16','2023-05-02 00:55:00'),(56,'Gastos Bancarios',500,'2023-04-24',46,'2023-04-24 15:27:26','2023-05-02 00:55:00'),(57,'Gastos Bancarios',500,'2023-04-24',45,'2023-04-24 15:27:35','2023-05-02 00:55:00'),(59,'Gastos Bancarios',500,'2023-04-24',43,'2023-04-24 15:27:58','2023-05-02 00:55:00'),(60,'Gastos Bancarios',500,'2023-04-24',42,'2023-04-24 15:28:09','2023-05-02 00:55:00'),(61,'Gastos Bancarios',500,'2023-04-24',41,'2023-04-24 15:28:19','2023-05-02 00:55:00'),(62,'Gastos Bancarios',500,'2023-04-24',40,'2023-04-24 15:28:30','2023-05-02 00:55:00'),(63,'Gastos Bancarios',500,'2023-04-24',39,'2023-04-24 15:28:40','2023-05-02 00:55:00'),(64,'Gastos Bancarios',500,'2023-04-24',39,'2023-04-24 15:28:59','2023-05-02 00:55:00'),(65,'Gastos Bancarios',500,'2023-04-24',35,'2023-04-24 15:29:10','2023-05-02 00:55:00'),(66,'Gastos Bancarios',500,'2023-04-24',35,'2023-04-24 15:29:21','2023-05-02 00:55:00'),(67,'Gastos Bancarios',500,'2023-04-24',32,'2023-04-24 15:29:35','2023-05-02 00:55:00'),(68,'Gastos Bancarios',500,'2023-04-24',31,'2023-04-24 15:29:45','2023-05-02 00:55:00'),(69,'Gastos Bancarios',500,'2023-04-24',30,'2023-04-24 15:30:04','2023-05-02 00:55:00'),(70,'Gastos Bancarios',500,'2023-04-24',29,'2023-04-24 15:30:17','2023-05-02 00:55:00'),(71,'Gastos Bancarios',500,'2023-04-24',28,'2023-04-24 15:30:25','2023-05-02 00:55:00'),(72,'Gastos Bancarios',500,'2023-04-24',27,'2023-04-24 15:30:50','2023-05-02 00:55:00'),(73,'Gastos Bancarios',500,'2023-04-24',26,'2023-04-24 15:31:02','2023-05-02 00:55:00'),(74,'Gastos Bancarios',500,'2023-04-24',25,'2023-04-24 15:31:13','2023-05-02 00:55:00'),(75,'Gastos Bancarios',500,'2023-04-24',24,'2023-04-24 15:31:24','2023-05-02 00:55:00'),(76,'Gastos Bancarios',500,'2023-04-24',23,'2023-04-24 15:31:34','2023-05-02 00:55:00'),(77,'Gastos Bancarios',500,'2023-04-24',22,'2023-04-24 15:31:46','2023-05-02 00:55:00'),(78,'Gastos Bancarios',500,'2023-04-24',21,'2023-04-24 15:31:58','2023-05-02 00:55:00'),(79,'Gastos Bancarios',500,'2023-04-24',20,'2023-04-24 15:32:15','2023-05-02 00:55:00'),(80,'Gastos Bancarios',500,'2023-04-24',19,'2023-04-24 15:32:27','2023-05-02 00:55:00'),(81,'Gastos Bancarios',500,'2023-04-24',18,'2023-04-24 15:32:50','2023-05-02 00:55:00'),(82,'Gastos Bancarios',500,'2023-04-24',17,'2023-04-24 15:33:06','2023-05-02 00:55:00'),(83,'Gastos Bancarios',500,'2023-04-24',16,'2023-04-24 15:33:18','2023-05-02 00:55:00'),(84,'Gastos Bancarios',500,'2023-04-24',15,'2023-04-24 15:33:37','2023-05-02 00:55:00'),(85,'Gastos Bancarios',500,'2023-04-24',13,'2023-04-24 15:33:47','2023-05-02 00:55:00'),(86,'Gastos Bancarios',500,'2023-04-24',12,'2023-04-24 15:33:58','2023-05-02 00:55:00'),(87,'Gastos Bancarios',500,'2023-04-24',11,'2023-04-24 15:34:25','2023-05-02 00:55:00'),(88,'Gastos Bancarios',500,'2023-04-24',10,'2023-04-24 15:34:37','2023-05-02 00:55:00'),(89,'Gastos Bancarios',500,'2023-04-24',9,'2023-04-24 15:34:58','2023-05-02 00:55:00'),(90,'Gastos Bancarios',500,'2023-04-24',8,'2023-04-24 15:35:14','2023-05-02 00:55:00'),(91,'Gastos Bancarios',500,'2023-04-24',7,'2023-04-24 15:35:25','2023-05-02 00:55:00'),(92,'Gastos Bancarios',500,'2023-04-24',6,'2023-04-24 15:35:34','2023-05-02 00:55:00'),(93,'Gastos Bancarios',500,'2023-04-24',5,'2023-04-24 15:35:46','2023-05-02 00:55:00'),(94,'Gastos Bancarios',500,'2023-04-24',4,'2023-04-24 15:35:59','2023-05-02 00:55:00'),(95,'Gastos Bancarios',500,'2023-04-24',3,'2023-04-24 15:36:16','2023-05-02 00:55:00'),(96,'Gastos Bancarios',500,'2023-04-24',2,'2023-04-24 15:36:30','2023-05-02 00:55:00'),(97,'Gastos Bancarios',500,'2023-04-24',1,'2023-04-24 15:36:43','2023-05-02 00:55:00'),(98,'Aguas',2564,'2023-04-24',27,'2023-04-24 16:03:45','2023-05-02 00:55:00'),(99,'Tgi',2874,'2023-04-24',27,'2023-04-24 16:04:04','2023-05-02 00:55:00'),(100,'Api',845,'2023-04-24',27,'2023-04-24 16:04:18','2023-05-02 00:55:00'),(101,'Tgi',2987,'2023-04-24',26,'2023-04-24 16:04:48','2023-05-02 00:55:00'),(102,'Aguas',3145,'2023-04-24',26,'2023-04-24 16:05:05','2023-05-02 00:55:00'),(103,'Api',748,'2023-04-24',26,'2023-04-24 16:05:23','2023-05-02 00:55:00'),(104,'Tgi',2054,'2023-04-24',17,'2023-04-24 16:10:58','2023-05-02 00:55:00'),(105,'Aguas',2190,'2023-04-24',17,'2023-04-24 16:11:13','2023-05-02 00:55:00'),(106,'Api',868,'2023-04-24',17,'2023-04-24 16:11:29','2023-05-02 00:55:00'),(107,'Expensas',1200,'2023-04-26',54,'2023-04-26 12:27:38','2023-05-02 00:55:00'),(108,'Seguro',3224,'2023-04-26',54,'2023-04-26 12:28:58','2023-05-02 00:55:00'),(109,'LUZ',1200,'2023-05-04',44,'2023-05-04 17:08:28','2023-05-04 17:08:28'),(110,'Compensación',700,'2023-05-04',44,'2023-05-04 17:08:43','2023-05-04 17:08:43'),(111,'API',400,'2023-05-04',44,'2023-05-04 17:09:13','2023-05-04 17:09:13'),(112,'TGI',2000,'2023-05-04',44,'2023-05-04 17:09:27','2023-05-04 17:09:27'),(113,'AGUAS',800,'2023-05-04',44,'2023-05-04 19:33:57','2023-05-04 19:33:57'),(114,'TGI',78,'2023-06-05',55,'2023-06-05 23:12:29','2023-06-05 23:12:29');
/*!40000 ALTER TABLE `clientexpenses` ENABLE KEYS */;
UNLOCK TABLES;

--
-- Table structure for table `clients`
--

DROP TABLE IF EXISTS `clients`;
/*!40101 SET @saved_cs_client     = @@character_set_client */;
/*!50503 SET character_set_client = utf8mb4 */;
CREATE TABLE `clients` (
  `id` bigint NOT NULL AUTO_INCREMENT,
  `fullName` varchar(255) NOT NULL,
  `address` varchar(255) NOT NULL,
  `phone` varchar(20) NOT NULL,
  `fixedPhone` varchar(20) DEFAULT NULL,
  `email` varchar(255) NOT NULL,
  `cuit` varchar(255) NOT NULL,
  `province` varchar(70) DEFAULT NULL,
  `city` varchar(70) DEFAULT NULL,
  `codePostal` varchar(10) DEFAULT NULL,
  `obs` varchar(255) DEFAULT NULL,
  `createdAt` datetime NOT NULL,
  `updatedAt` datetime NOT NULL,
  `deletedAt` datetime DEFAULT NULL,
  PRIMARY KEY (`id`),
  UNIQUE KEY `clients_phone_unique` (`phone`),
  UNIQUE KEY `clients_email_unique` (`email`),
  UNIQUE KEY `clients_cuit_unique` (`cuit`)
) ENGINE=InnoDB AUTO_INCREMENT=47 DEFAULT CHARSET=utf8mb4 COLLATE=utf8mb4_0900_ai_ci;
/*!40101 SET character_set_client = @saved_cs_client */;

--
-- Dumping data for table `clients`
--

LOCK TABLES `clients` WRITE;
/*!40000 ALTER TABLE `clients` DISABLE KEYS */;
INSERT INTO `clients` (`id`, `fullName`, `address`, `phone`, `fixedPhone`, `email`, `cuit`, `province`, `city`, `codePostal`, `obs`, `createdAt`, `updatedAt`, `deletedAt`) VALUES (1,'ALEJANDRA ZERBONIA','Riobamba 137','3412170930','00','andreazrb12@gmail.com','23.559.067','Santa Fe','ROSARIO','2000','C 104','2023-04-19 15:53:51','2023-05-02 00:54:58',NULL),(2,'ALEJANDRO OVIEDO','REGIMIENTO 11 178','3412825203','00','alenatsanovi@gmail.com','93.720.616','Santa Fe','ROSARIO','2000','C 196','2023-04-19 15:55:54','2023-05-02 00:54:58',NULL),(3,'ANDRY GOLDCHEID IRUMBE','San Lorenzo 750 01-02','3416198362','00','goldcheidvalentina@hotmail.com','96.114.014','Santa Fe','ROSARIO','2000','C 185','2023-04-19 15:57:50','2023-05-02 00:54:58',NULL),(4,'BARBARA SILVA','Fontezuela 2661 monoblok 36 piso 2 depto. 662','3412165263','00','barbarabsilva@hotmail.es','34.420.390','Santa Fe','ROSARIO','2000','C 118','2023-04-19 15:59:40','2023-05-02 00:54:58',NULL),(5,'BRISA R. CAMPOS','Necochea 1334 05-02','3416004559','00','brisa.rcf@gmail.com','PASAP. FX722199','Santa Fe','ROSARIO','2000','C 192','2023-04-19 16:03:14','2023-05-02 00:54:58',NULL),(6,'CARMEN CANDIA','cochabamba 4781','37.534.693','00','milacandia21@gmail.com','3416991215','Santa Fe','ROSARIO','2000','C 199','2023-04-19 16:04:43','2023-05-02 00:54:58',NULL),(7,'CARMEN ZULEMA ESCOBAR','Ituzaigo 744 00-06','153-238910','00','999999@gmail.com','17.094.138','Santa Fe','ROSARIO','2000','C 150','2023-04-19 16:07:31','2023-05-02 00:54:58',NULL),(8,'DAMIAN LUIS FUNES','Mitre 757 08-06','152-129318','00','datakefu20@gmail.com','25.615.672','Santa Fe','ROSARIO','2000','C 202','2023-04-19 16:10:03','2023-05-02 00:54:58',NULL),(9,'DANIELA VERA','Mendoza 989 05-03','3483433392','','dany_vera88@hotmail.com','33.856.699','Santa Fe','ROSARIO','2000','C 116','2023-04-19 16:12:07','2023-05-02 00:54:58',NULL),(10,'DIEGO DEMARCHI','Entre Rios 1147 00-04','3415838721','','dieguitodemarchi@gmail.com','23.344.542','Santa Fe','ROSARIO','2000','C 176','2023-04-19 17:19:37','2023-05-02 00:54:58',NULL),(11,'EVELYN BERGAGLIO','La paz 1138 00-03','3415475361','','cccccccc@hotmail.com','33364021','Santa Fe','ROSARIO','2000','C 161','2023-04-19 17:20:56','2023-05-02 00:54:58',NULL),(12,'FATIMA MARÍA BERTOLOTTI','Urquiza 1949 13-04','153-734426','4217846','sssss@hotmail.com','20.882.689','Santa Fe','ROSARIO','2000','C 197','2023-04-19 17:22:34','2023-05-02 00:54:58',NULL),(13,'FERNANDO MIGUELES','Gaboto 3573 00-04','3416160135','','fernob_87@hotmail.com','32.753.642','Santa Fe','ROSARIO','2000','C 209','2023-04-19 17:23:53','2023-05-02 00:54:58',NULL),(14,'FRANCISCO JOSE CASTELLI','Castelli 1429, Pergamino, Bs.As','2477 30-9574','','santicastelli1990@gmail.com',' 32.345.184','Buenos Aires','PERGAMINO','2700','C 122','2023-04-19 17:28:09','2023-05-02 00:54:58',NULL),(15,'GARY LUXAMA','San Luis 1914 02-01','3416282361','','111111111@gmail.com','95.887.111','Santa Fe','ROSARIO','2000','C 123','2023-04-19 17:29:12','2023-05-02 00:54:58',NULL),(17,'GERMAN TION','Mitre 2458 02-03','3416 61-1653','','vikingo.tion@gmail.com','22.129.952','Santa Fe','ROSARIO','2000','C 186','2023-04-19 17:32:43','2023-05-02 00:54:58',NULL),(18,'JEAN MESSEROUX','Sarmiento 1247 07-02','3417207882','','messerouxhilaire@gmail.com','95.904.838','Santa Fe','ROSARIO','2000','C 182','2023-04-19 17:34:02','2023-05-02 00:54:58',NULL),(19,'jeremias bue','Gaboto 1821 04-02','3413318506','','Jeremiasbue12@hotmail.com','43.767.991','Santa Fe','ROSARIO','2000','C ','2023-04-19 17:35:26','2023-05-02 00:54:58',NULL),(20,'JOSE HUGO CARDACI','cta. Ricardone 1373 04-02','153-250852','','777777@gmail.com','6.054.600','Santa Fe','ROSARIO','2000','C 127','2023-04-19 17:37:12','2023-05-02 00:54:58',NULL),(21,'JOSÉ MARÍA CARLETTA','Riobamba 40 Bis 01-04','156-213042','','jmcarletta@gmail.com','25.689.029','Santa Fe','ROSARIO','2000','C 196','2023-04-19 17:38:22','2023-05-02 00:54:58',NULL),(22,'JOSE RAMON OCAMPO','gaboto 3573 00-03','3415060449','','66666666@gmail.com','7.877.930','Santa Fe','ROSARIO','2000','C 208','2023-04-19 17:39:46','2023-05-02 00:54:58',NULL),(23,'JUAN IGNACIO KERN','Cabildo 1439 Pueblo Esther','3416646338','','juani10caju@gmail.com','42.704.295','Santa Fe','PUEBLO ESTHER','2126','C 192','2023-04-19 17:41:44','2023-05-02 00:54:58',NULL),(24,'JULIO CESAR NUÑEZ','Parkinson 1856 ','37048023137','','jcnunez1963@gmail.com','16.168.338','Formosa','FORMOSA','3600','C 175','2023-04-19 17:43:19','2023-05-02 00:54:58',NULL),(25,'LEANDRO CICLER','Virasoro 6326','3413768826','','leancicler8@gmail.com','39.567.918','Santa Fe','ROSARIO','2000','C 184','2023-04-19 17:45:07','2023-05-02 00:54:58',NULL),(26,'LUCAS OMAR DIAZ','Nicaragua 1936','3415504611','','lucasnano112@gmail.com','35.586.298','Santa Fe','ROSARIO','2000','C 110','2023-04-19 17:46:35','2023-05-02 00:54:58',NULL),(27,'MAKARENA YUDICHE','TUCUMAN 2679 02-02','3413 00-7498','','makarenayudiche028@gmail.com','39.046.028','Santa Fe','ROSARIO','2000','C 127','2023-04-19 17:48:35','2023-05-02 00:54:58',NULL),(28,'JORGE // MARCOS CESAR CORREA','San Lorenzo 863 04-02','156723532','370-4585003','nattyvg_02@hotmail.com','28.094.295','Santa Fe','ROSARIO','2000','c 153','2023-04-19 17:50:32','2023-05-02 00:54:58',NULL),(29,'MARCOS MARTINEZ','Conte de Alio 7681','3412732853','','mmdebelluit@gmail.com','38.420.856','Santa Fe','ROSARIO','2000','C 109','2023-04-19 17:52:24','2023-05-02 00:54:58',NULL),(30,'MARIA ELISA BRUSSA','Matienzo 383 Bis','155-646801','','ebrussa@gmail.com','25.453.226','Santa Fe','ROSARIO','2000','C 106','2023-04-19 17:54:55','2023-05-02 00:54:58',NULL),(31,'MARÍA PAULA VOLPE','Isola 375 Bis piso 3 dto. C','153-114148','3415313974','mariapaulavolpe@gmail.com','30.838.261','Santa Fe','ROSARIO','2000','C 131 //  German --> guzman.german.r@gmail.com Tel: 3415313974','2023-04-19 17:57:17','2023-05-02 00:54:58',NULL),(32,'NATALIA ENZETTI','sarmiento 1414','156848118','','nataliaenzetti@hotmail.com','27.668.457','Santa Fe','ROSARIO','2000','C 108','2023-04-19 17:59:32','2023-05-02 00:54:58',NULL),(33,'PABLO PIGNATA','Colon 1256 04-05','155790523','','psps1977@outlook.com','26005443','Santa Fe','ROSARIO','2000','C 151','2023-04-19 18:01:14','2023-05-02 00:54:58',NULL),(34,'RODOLFO OJEDA','Pj Costarelli 5368','3415909366','','ojedarodolfo5@gmail.com','30.838.415','Santa Fe','ROSARIO','2000','C 195','2023-04-19 18:02:59','2023-05-02 00:54:58',NULL),(35,'ROLANDO SALTI','Buenos Aires 2521 01-04','155-991471','','rolosalti@gmail.com','21.044.579','Santa Fe','ROSARIO','2000','C 114','2023-04-19 18:04:44','2023-05-02 00:54:58',NULL),(36,'SOL ANA BASUALDO','J. Rucci 495, Galvez','3404 49-2729','','solbasualdo360@gmail.com','41.633.544','Santa Fe','GALVEZ','2252','C 200','2023-04-19 18:06:50','2023-05-02 00:54:58',NULL),(37,'TAMARA AYLEN GARCIA','lisandro de la torre 964','152-777707','','tamaraailengarcia95@hotmail.com','39.455.231','Santa Fe','PEREZ','2121','C 175','2023-04-19 18:09:18','2023-05-02 00:54:58',NULL),(38,'TAMARA CARRERA MAIDANA','Maipu 2351 03-05','3416910365','','cabreratamara03@gmail.com','38.140.697','Santa Fe','ROSARIO','2000','C 203','2023-04-19 18:10:52','2023-05-02 00:54:58',NULL),(39,'TAMARA CELESTE GODOY','Pj. Libertad 788, San Jeronimo','3401405105','','godoytamara327@gmail.com','41.975.433','Santa Fe','SAN JERONIMO SUD','2136','C 168','2023-04-19 18:12:44','2023-05-02 00:54:58',NULL),(40,'VICTORIA ANALIA JAZMIN','Crespo 3239','153-598125','4-324289','vic_jaz@outlook.com.ar','36.000.166','Santa Fe','ROSARIO','2000','C 206','2023-04-19 18:15:25','2023-05-02 00:54:58',NULL),(41,'BRISA ANABELLA RIGALLI','Rincon 354 Depto. 03','3364001539','','rigalibrisa@gmail.com','27-44867165-3','Buenos Aires','RAMALLO','2914','','2023-04-21 14:59:34','2023-05-02 00:54:58',NULL),(42,'RAUL TOMAS BOTTAZZI','Roca 2017','3364210639','','tomibottazzi@gmail.com','20-44867243-4','Buenos Aires','SAN NICOLAS DE LOS ARROYOS','2900','','2023-04-21 15:02:18','2023-05-02 00:54:58',NULL),(43,'MARTIN RODRIGUEZ','davalos 2556 2ºh','3415022187','','martinro_981@hotmail.com','28.578.790','Santa Fe','ROSARIO','2000','C 143','2023-04-21 15:50:38','2023-05-02 00:54:58',NULL),(44,'DANIEL HERNAN IBARRA','3 DE FEB 2289 01-04','3483417594','','dhibarra@gmail.com','23.577.243','Santa Fe','ROSARIO','2000','C 171','2023-04-21 16:42:46','2023-05-02 00:54:58',NULL),(45,'ROMINA ALTAMIRANO','Ayacucho 1360 02-03','3412- 028656','','rominaaltamirano85@gmail.com','27-31339300-9','Santa Fe','ROSARIO','2000','C 177','2023-04-21 16:55:05','2023-05-02 00:54:58',NULL),(46,'MARGARITA CASTAGNAVIS','J. Manuel de Rosas 2094 01-04 ','3416 42-7777','','margaritabeatrizcatagnavis@gamil.com','27-11874740-8','Santa Fe','ROSARIO','2000','C 165','2023-04-21 17:50:32','2023-05-02 00:54:58',NULL);
/*!40000 ALTER TABLE `clients` ENABLE KEYS */;
UNLOCK TABLES;

--
-- Table structure for table `configs`
--

DROP TABLE IF EXISTS `configs`;
/*!40101 SET @saved_cs_client     = @@character_set_client */;
/*!50503 SET character_set_client = utf8mb4 */;
CREATE TABLE `configs` (
  `id` bigint NOT NULL AUTO_INCREMENT,
  `key` varchar(50) NOT NULL,
  `value` varchar(255) NOT NULL,
  `createdAt` datetime NOT NULL,
  `updatedAt` datetime NOT NULL,
  PRIMARY KEY (`id`),
  UNIQUE KEY `configs_key_unique` (`key`)
) ENGINE=InnoDB AUTO_INCREMENT=5 DEFAULT CHARSET=utf8mb4 COLLATE=utf8mb4_0900_ai_ci;
/*!40101 SET character_set_client = @saved_cs_client */;

--
-- Dumping data for table `configs`
--

LOCK TABLES `configs` WRITE;
/*!40000 ALTER TABLE `configs` DISABLE KEYS */;
INSERT INTO `configs` (`id`, `key`, `value`, `createdAt`, `updatedAt`) VALUES (1,'punitorio_diario','0.6','2023-04-16 06:35:39','2023-09-25 18:15:20'),(2,'gastos_bancarios','850','2023-04-16 06:36:08','2023-09-25 18:15:11'),(4,'facebook','jhmesseroux','2023-09-25 18:14:51','2023-10-01 23:20:58');
/*!40000 ALTER TABLE `configs` ENABLE KEYS */;
UNLOCK TABLES;

--
-- Table structure for table `contracts`
--

DROP TABLE IF EXISTS `contracts`;
/*!40101 SET @saved_cs_client     = @@character_set_client */;
/*!50503 SET character_set_client = utf8mb4 */;
CREATE TABLE `contracts` (
  `id` bigint NOT NULL AUTO_INCREMENT,
  `PropertyId` bigint NOT NULL,
  `ClientId` bigint NOT NULL,
  `startDate` date NOT NULL,
  `endDate` date NOT NULL,
  `state` varchar(10) DEFAULT 'En curso',
  `amount` float NOT NULL,
  `booking` float DEFAULT NULL,
  `deposit` float DEFAULT NULL,
  `description` varchar(255) DEFAULT NULL,
  `createdAt` datetime NOT NULL,
  `updatedAt` datetime NOT NULL,
  `deletedAt` datetime DEFAULT NULL,
  `motive` varchar(255) DEFAULT NULL,
  `admFeesPorc` float NOT NULL DEFAULT '2',
  `currency` varchar(3) NOT NULL DEFAULT 'ARS',
  `adjustmentMonth` int DEFAULT '12',
  `paymentType` varchar(10) DEFAULT 'Fijo',
  PRIMARY KEY (`id`),
  UNIQUE KEY `contracts__property_id__client_id_start_date_end_date_state` (`PropertyId`,`ClientId`,`startDate`,`endDate`,`state`),
  KEY `ClientId` (`ClientId`),
  CONSTRAINT `contracts_ibfk_35` FOREIGN KEY (`PropertyId`) REFERENCES `properties` (`id`) ON UPDATE CASCADE,
  CONSTRAINT `contracts_ibfk_36` FOREIGN KEY (`ClientId`) REFERENCES `clients` (`id`) ON DELETE RESTRICT ON UPDATE CASCADE
) ENGINE=InnoDB AUTO_INCREMENT=60 DEFAULT CHARSET=utf8mb4 COLLATE=utf8mb4_0900_ai_ci;
/*!40101 SET character_set_client = @saved_cs_client */;

--
-- Dumping data for table `contracts`
--

LOCK TABLES `contracts` WRITE;
/*!40000 ALTER TABLE `contracts` DISABLE KEYS */;
INSERT INTO `contracts` (`id`, `PropertyId`, `ClientId`, `startDate`, `endDate`, `state`, `amount`, `booking`, `deposit`, `description`, `createdAt`, `updatedAt`, `deletedAt`, `motive`, `admFeesPorc`, `currency`, `adjustmentMonth`, `paymentType`) VALUES (1,31,23,'2021-11-01','2024-10-31','En curso',12500,0,0,'Monoambiente - contrato del 01/11/2021 al 31/10/2024 // C 192','2023-04-21 14:17:13','2023-05-02 00:54:58',NULL,NULL,2,'ARS',12,'Fijo'),(2,22,38,'2022-06-01','2025-05-31','En curso',36200,0,0,'CARPETA 203   Nuevo contrato del 01/06/22 al 31/05/25','2023-04-21 14:24:41','2023-05-02 00:54:58',NULL,NULL,2,'ARS',12,'Fijo'),(3,16,30,'2022-04-01','2025-03-31','En curso',24278,0,0,'C 106','2023-04-21 14:28:16','2023-05-02 00:54:58',NULL,NULL,2,'ARS',12,'Fijo'),(4,54,29,'2020-10-01','2023-09-30','En curso',11515,0,0,'CARPETA 109 -  CONTRATO DEL 01/10/2020 AL 30/09/2023','2023-04-21 14:36:49','2023-05-02 00:54:58',NULL,NULL,2,'ARS',12,'Fijo'),(5,47,26,'2021-05-01','2024-04-30','En curso',15092,0,0,'CARPETA 110  // CONTRATO 01/05/2021 AL  30/04/2024','2023-04-21 14:38:36','2023-05-02 00:54:58',NULL,NULL,2,'ARS',12,'Fijo'),(6,6,35,'2020-12-01','2023-11-30','En curso',22404,0,0,'C 114  //   CONTRATO DEL  01/12/2020 AL 30/11/2023','2023-04-21 14:40:47','2023-05-02 00:54:58',NULL,NULL,2,'ARS',12,'Fijo'),(7,17,9,'2021-11-01','2023-05-15','En curso',16800,0,0,'CARPETA 116 ver fechas de contrato','2023-04-21 14:42:30','2023-05-15 17:22:13',NULL,NULL,2,'ARS',12,'Fijo'),(8,7,19,'2022-08-01','2025-07-31','En curso',25800,0,0,'CARPETA 117 - Contrato del 1/8/22 al 31/07/2025 OJO QUE A LA PROPIETARIA SE LE ESTUVO PAGANDO SOBRE $ 35000','2023-04-21 14:52:24','2023-05-02 00:54:58',NULL,NULL,2,'ARS',12,'Fijo'),(9,9,4,'2022-02-01','2026-01-31','En curso',21800,0,0,'C 118   // Contrato del 01/02/2022 al 31/01/2026','2023-04-21 14:53:42','2023-05-02 00:54:58',NULL,NULL,2,'ARS',12,'Fijo'),(10,8,15,'2021-09-01','2024-08-31','En curso',27830,0,0,'CARPETA 123  // CONTRATO DEL 01/09/21 AL 31/08/2024','2023-04-21 14:55:10','2023-05-02 00:54:58',NULL,NULL,2,'ARS',12,'Fijo'),(11,40,41,'2023-05-01','2026-06-30','En curso',38800,19400,0,'CARPETA 132 // Contrato Nº 11783303 Persona 1367499  GAS nº persona 1367499 Cliente: 11783303','2023-04-21 15:13:12','2023-05-02 00:54:58',NULL,NULL,2,'ARS',12,'Fijo'),(12,12,31,'2021-08-01','2023-07-31','En curso',30193,0,0,'CARPETA 131  // contrato del 01/08/2021 al 31/07/2023','2023-04-21 15:16:58','2023-05-02 00:54:58',NULL,NULL,2,'ARS',12,'Fijo'),(13,39,42,'2023-05-01','2026-06-30','En curso',42000,21000,0,'CARPETA 136','2023-04-21 15:27:23','2023-05-02 00:54:58',NULL,NULL,2,'ARS',12,'Fijo'),(15,21,43,'2022-03-01','2025-02-28','En curso',49200,0,0,'CARPETA 143  // contrato de 1/3/22 al 28/02/25 // Gas Contrato Nº 13160803 Persona 1197846','2023-04-21 15:34:40','2023-05-02 00:54:58',NULL,NULL,2,'ARS',12,'Fijo'),(16,1,7,'2021-01-01','2023-12-30','En curso',13440,0,0,'CARPETA 150  // CONTRATO DEL  01/01/2021 AL 30/12/2023','2023-04-21 15:52:08','2023-05-02 00:54:58',NULL,NULL,2,'ARS',12,'Fijo'),(17,14,1,'2021-11-01','2024-01-31','En curso',19800,0,0,'C - 104  //   2º AÑO  1/11/22','2023-04-21 15:54:20','2023-05-02 00:54:58',NULL,NULL,2,'ARS',12,'Fijo'),(18,13,28,'2020-09-01','2023-08-30','En curso',35841,0,0,'CARPETA 153 // CONTRATO DEL 01/09/2020 AL 30/08/2023','2023-04-21 15:55:49','2023-05-02 00:54:58',NULL,NULL,2,'ARS',12,'Fijo'),(19,45,3,'2021-09-01','2024-08-31','En curso',2525,0,0,'CARPETA 185 // Contrato del 01/09/2021 al 31/08/2024','2023-04-21 16:29:01','2023-05-02 00:54:58',NULL,NULL,2,'ARS',12,'Fijo'),(20,25,5,'2021-02-01','2024-01-31','En curso',22644,0,0,'CARPETA 191  // Contrato del 01/02/2021 al 31/01/24','2023-04-21 16:30:50','2023-05-02 00:54:58',NULL,NULL,2,'ARS',12,'Fijo'),(21,18,10,'2021-01-01','2023-12-31','En curso',12500,0,0,'CARPETA 176 //  hija Borga Carina 0343-154544959','2023-04-21 16:33:27','2023-05-02 00:54:58',NULL,NULL,2,'ARS',12,'Fijo'),(22,46,14,'2022-01-01','2024-12-31','En curso',36036,0,0,'CARPETA C 112  // Contrato del 01/01/2022 al 31/12/2024  // BANCO NACION - CBU 0110183230018309 SUC. 1320 CAJA DE AHORRO 1830910435  ','2023-04-21 16:36:32','2023-05-02 00:54:58',NULL,NULL,2,'ARS',12,'Fijo'),(23,10,32,'2021-01-01','2023-12-31','En curso',65100,0,0,'Carpeta 108 // CONTRATO DEL 01/01/2021 AL 31/12/23','2023-04-21 16:38:19','2023-05-02 00:54:58',NULL,NULL,2,'ARS',12,'Fijo'),(24,24,44,'2022-03-01','2025-02-28','En curso',44623,0,0,'C 171','2023-04-21 16:47:43','2023-05-02 00:54:58',NULL,NULL,2,'ARS',12,'Fijo'),(25,55,33,'2020-12-01','2023-12-31','En curso',22350,0,0,'CARPETA 151 // CONTRATO DEL  01/12/2020 AL 31/12/2023','2023-04-21 16:50:54','2023-05-02 00:54:58',NULL,NULL,2,'ARS',12,'Fijo'),(26,36,45,'2022-10-01','2025-09-30','En curso',36800,0,0,'C 177','2023-04-21 16:56:29','2023-05-02 00:54:58',NULL,NULL,2,'ARS',12,'Fijo'),(27,37,21,'2022-05-01','2025-04-30','En curso',44010,0,0,'CARPETA 196 // VTO. CONTRATO EL 30/04/2025','2023-04-21 16:58:07','2023-05-02 00:54:58',NULL,NULL,2,'ARS',12,'Fijo'),(28,50,12,'2021-01-01','2023-12-31','En curso',59600,0,0,'CARPÈTA 197 // CONTRATO DEL 01/01/2021 AL 31/12/2023','2023-04-21 17:00:14','2023-05-02 00:54:58',NULL,NULL,2,'ARS',12,'Fijo'),(29,52,6,'2021-11-01','2024-10-31','En curso',22000,0,0,'CARPETA 199 // Contrato del 1/11/21 AL 31/10/2024','2023-04-21 17:04:30','2023-05-02 00:54:58',NULL,NULL,2,'ARS',12,'Fijo'),(30,51,36,'2022-02-01','2025-01-31','En curso',52050,0,0,'CARPETA 200 Adm. Sordoni- empleado Cristian 156-689428 - 4476411 // contrato del 01/02/22 al 31/01/25','2023-04-21 17:06:40','2023-05-02 00:54:58',NULL,NULL,2,'ARS',12,'Fijo'),(31,19,8,'2022-04-01','2025-03-31','En curso',32038,0,0,'C 202','2023-04-21 17:08:37','2023-05-02 00:54:58',NULL,NULL,2,'ARS',12,'Fijo'),(32,5,40,'2021-04-01','2024-03-31','En curso',22700,0,0,'CARPETA 206  -  EXPENSAS 18%  - Contrato del 01/4/2021 al 31/03/2024','2023-04-21 17:11:36','2023-05-02 00:54:58',NULL,NULL,2,'ARS',12,'Fijo'),(35,3,13,'2020-10-15','2023-09-30','En curso',23586,0,0,'CARPETA 209 //CONTRATO DEL 15/10/2020 AL 30/09/2023  // EXP. 10% gas Cliente Nº 103774201 Persona 226277','2023-04-21 17:28:00','2023-05-02 00:54:58',NULL,NULL,2,'ARS',12,'Fijo'),(39,11,17,'2021-02-01','2024-01-31','En curso',18500,0,0,'CARPETA 186 // CONTRATO DEL 01/02/2021 AL 31/01/2024','2023-04-21 17:34:01','2023-05-02 00:54:58',NULL,NULL,2,'ARS',12,'Fijo'),(40,23,20,'2021-09-01','2024-08-31','En curso',30960,0,0,'CARPETA 183 // Contrato del 01/09/21 al 31/08/24','2023-04-21 17:35:55','2023-05-02 00:54:58',NULL,NULL,2,'ARS',12,'Fijo'),(41,32,37,'2023-02-01','2026-01-31','En curso',56000,0,0,'C 152','2023-04-21 17:37:57','2023-05-02 00:54:58',NULL,NULL,2,'ARS',12,'Fijo'),(42,20,27,'2022-02-01','2025-01-31','En curso',50000,0,0,'C 127 // Contrato con vigencia del 01/02/2022 al 31/01/25  // Gas Contrato Nº 6534402 Persona 54110  ','2023-04-21 17:40:12','2023-05-02 00:54:58',NULL,NULL,2,'ARS',12,'Fijo'),(43,34,24,'2022-01-01','2024-12-31','En curso',13800,0,0,'C 175 // Contrato  del 01/01/2022 al 31/12/2024','2023-04-21 17:41:54','2023-05-02 00:54:58',NULL,NULL,2,'ARS',12,'Fijo'),(44,15,18,'2020-10-01','2023-09-06','Finalizado',13290,0,0,'c 182  // CONTRATO DEL 01/10/2020 AL 30/09/2023 ','2023-04-21 17:43:22','2023-09-07 16:41:57',NULL,'',8,'USD',12,'Fijo'),(45,42,2,'2022-07-01','2025-06-30','En curso',70000,0,0,'Contrato del 01/7/22 al 30/6/25','2023-04-21 17:44:40','2023-05-02 00:54:58',NULL,NULL,2,'ARS',12,'Fijo'),(46,44,46,'2023-03-01','2026-02-28','En curso',66800,0,0,'C 165','2023-04-21 17:53:09','2023-05-02 00:54:58',NULL,NULL,2,'ARS',12,'Fijo'),(47,38,11,'2021-05-01','2024-04-30','En curso',17710,0,0,'C 161  // CONTRATO del  01/05/202l AL  30/04/2024','2023-04-21 17:54:48','2023-05-02 00:54:58',NULL,NULL,2,'ARS',12,'Fijo'),(48,41,34,'2022-06-04','2025-05-31','En curso',26800,0,0,'C - 195 // contrato del 1/06/2022 al 31/05/2025','2023-04-21 17:56:03','2023-05-02 00:54:58',NULL,NULL,2,'ARS',12,'Fijo'),(49,2,25,'2021-09-01','2024-08-31','En curso',24700,0,0,'C 184 // Contrato del 01/09/2021 al 31/08/2024','2023-04-21 17:58:58','2023-05-02 00:54:58',NULL,NULL,2,'ARS',12,'Fijo'),(50,53,39,'2022-01-01','2024-12-31','En curso',26300,0,0,'C 168 // Contrato del 01/01/22 al 31/12/2024','2023-04-21 18:00:43','2023-05-02 00:54:58',NULL,NULL,2,'ARS',12,'Fijo'),(54,4,22,'2022-09-05','2026-07-28','En curso',0,0,0,'','2023-04-26 01:40:40','2023-09-05 21:52:18',NULL,NULL,2,'ARS',12,'Fijo'),(55,26,18,'2023-01-15','2023-05-27','Finalizado',89000,0,0,'','2023-05-15 18:05:44','2023-05-15 18:19:14',NULL,'no quiere seguir alquilando el depto',2,'ARS',12,'Fijo'),(56,39,18,'2023-08-31','2023-09-27','En curso',70000,0,58000,'EL orimer contrato con moneda y gasto de gestion por defecto jejeje','2023-09-04 16:38:38','2023-09-09 02:53:45',NULL,NULL,5,'ARS',12,'Fijo'),(57,15,18,'2023-09-01','2026-08-30','En curso',135000,0,0,'Segundo contrato de Jean en el edificio ... ','2023-09-08 20:10:03','2023-09-08 20:10:03',NULL,NULL,3,'ARS',12,'Fijo'),(58,26,19,'2023-11-30','2024-06-01','En curso',250000,0,0,'ejemplos....','2023-11-02 19:21:40','2023-11-02 19:49:26',NULL,NULL,2,'ARS',9,'Porcentual'),(59,43,18,'2023-11-01','2024-03-01','En curso',1232320,0,0,'','2023-11-06 13:34:00','2023-11-06 13:48:18',NULL,NULL,2,'USD',12,'Fijo');
/*!40000 ALTER TABLE `contracts` ENABLE KEYS */;
UNLOCK TABLES;

--
-- Table structure for table `debtclients`
--

DROP TABLE IF EXISTS `debtclients`;
/*!40101 SET @saved_cs_client     = @@character_set_client */;
/*!50503 SET character_set_client = utf8mb4 */;
CREATE TABLE `debtclients` (
  `id` bigint NOT NULL AUTO_INCREMENT,
  `ContractId` bigint NOT NULL,
  `year` int NOT NULL,
  `amount` float NOT NULL,
  `description` varchar(255) NOT NULL,
  `month` int NOT NULL,
  `paid` tinyint(1) NOT NULL DEFAULT '0',
  `rent` tinyint(1) NOT NULL DEFAULT '0',
  `debt` tinyint(1) NOT NULL DEFAULT '1',
  `paidDate` datetime DEFAULT NULL,
  `createdAt` date DEFAULT NULL,
  `updatedAt` date DEFAULT NULL,
  PRIMARY KEY (`id`),
  KEY `ContractId` (`ContractId`),
  CONSTRAINT `debtclients_ibfk_1` FOREIGN KEY (`ContractId`) REFERENCES `contracts` (`id`) ON DELETE CASCADE ON UPDATE CASCADE
) ENGINE=InnoDB AUTO_INCREMENT=798 DEFAULT CHARSET=utf8mb4 COLLATE=utf8mb4_0900_ai_ci;
/*!40101 SET character_set_client = @saved_cs_client */;

--
-- Dumping data for table `debtclients`
--

LOCK TABLES `debtclients` WRITE;
/*!40000 ALTER TABLE `debtclients` DISABLE KEYS */;
INSERT INTO `debtclients` (`id`, `ContractId`, `year`, `amount`, `description`, `month`, `paid`, `rent`, `debt`, `paidDate`, `createdAt`, `updatedAt`) VALUES (52,1,2023,12378,'ALQUILER Necochea 1334 01 03 Abril/2023',4,0,1,1,NULL,'2023-05-04','2023-08-11'),(53,1,2023,888,'GASTOS DE GESTION Abril/2023',4,0,0,1,NULL,'2023-05-04','2023-08-11'),(54,1,2023,3224,'Seguro Abril/2023',4,0,0,1,NULL,'2023-05-04','2023-05-04'),(55,1,2023,500,'Gastos Bancarios Abril/2023',4,0,0,1,NULL,'2023-05-04','2023-05-04'),(56,2,2023,36200,'ALQUILER 1º de Mayo 2551 05 02 Abril/2023',4,0,1,1,NULL,'2023-05-04','2023-05-04'),(57,2,2023,1086,'GASTOS DE GESTION Abril/2023',4,0,0,1,NULL,'2023-05-04','2023-05-04'),(58,2,2023,3224,'Seguro Abril/2023',4,0,0,1,NULL,'2023-05-04','2023-05-04'),(59,2,2023,3224,'Seguro Abril/2023',4,0,0,1,NULL,'2023-05-04','2023-05-04'),(60,2,2023,500,'Gastos Bancarios Abril/2023',4,0,0,1,NULL,'2023-05-04','2023-05-04'),(61,3,2023,24278,'ALQUILER San Martin 1421 01 04 Abril/2023',4,0,1,1,NULL,'2023-05-04','2023-05-04'),(62,3,2023,728.34,'GASTOS DE GESTION Abril/2023',4,0,0,1,NULL,'2023-05-04','2023-05-04'),(63,3,2023,3224,'Seguro Abril/2023',4,0,0,1,NULL,'2023-05-04','2023-05-04'),(64,3,2023,500,'Gastos Bancarios Abril/2023',4,0,0,1,NULL,'2023-05-04','2023-05-04'),(65,4,2023,11515,'ALQUILER 3 de Febrero  1366 01 04 Abril/2023',3,0,1,1,NULL,'2023-05-04','2023-05-04'),(66,4,2023,345.45,'GASTOS DE GESTION Abril/2023',4,0,0,1,NULL,'2023-05-04','2023-05-04'),(67,4,2023,3224,'Seguro Abril/2023',4,0,0,1,NULL,'2023-05-04','2023-05-04'),(68,4,2023,500,'Gastos Bancarios Abril/2023',4,0,0,1,NULL,'2023-05-04','2023-05-04'),(69,5,2023,15092,'ALQUILER Sarmiento 1247 07 04 Abril/2023',4,0,1,1,NULL,'2023-05-04','2023-05-04'),(70,5,2023,452.76,'GASTOS DE GESTION Abril/2023',4,0,0,1,NULL,'2023-05-04','2023-05-04'),(71,5,2023,3224,'Seguro Abril/2023',4,0,0,1,NULL,'2023-05-04','2023-05-04'),(72,5,2023,500,'Gastos Bancarios Abril/2023',4,0,0,1,NULL,'2023-05-04','2023-05-04'),(73,6,2023,22404,'ALQUILER Buenos Aires 880 01 04 Abril/2023',4,0,1,1,NULL,'2023-05-04','2023-05-04'),(74,6,2023,672.12,'GASTOS DE GESTION Abril/2023',4,0,0,1,NULL,'2023-05-04','2023-05-04'),(75,6,2023,3224,'Seguro Abril/2023',4,0,0,1,NULL,'2023-05-04','2023-05-04'),(76,6,2023,500,'Gastos Bancarios Abril/2023',4,0,0,1,NULL,'2023-05-04','2023-05-04'),(77,8,2023,25800,'ALQUILER Gaboto 1821 04 02 Abril/2023',4,0,1,1,NULL,'2023-05-04','2023-05-04'),(78,8,2023,774,'GASTOS DE GESTION Abril/2023',4,0,0,1,NULL,'2023-05-04','2023-05-04'),(79,8,2023,3224,'Seguro Abril/2023',4,0,0,1,NULL,'2023-05-04','2023-05-04'),(80,8,2023,500,'Gastos Bancarios Abril/2023',4,0,0,1,NULL,'2023-05-04','2023-05-04'),(81,9,2023,21800,'ALQUILER Gaboto 1875 06 04 Abril/2023',4,0,1,1,NULL,'2023-05-04','2023-05-04'),(82,9,2023,654,'GASTOS DE GESTION Abril/2023',4,0,0,1,NULL,'2023-05-04','2023-05-04'),(83,9,2023,3224,'Seguro Abril/2023',4,0,0,1,NULL,'2023-05-04','2023-05-04'),(84,9,2023,3224,'Seguro Abril/2023',4,0,0,1,NULL,'2023-05-04','2023-05-04'),(85,9,2023,500,'Gastos Bancarios Abril/2023',4,0,0,1,NULL,'2023-05-04','2023-05-04'),(86,12,2023,27830,'ALQUILER Cerrito 553 02 03 Abril/2023',4,0,1,1,NULL,'2023-05-04','2023-05-04'),(87,12,2023,834.9,'GASTOS DE GESTION Abril/2023',3,0,0,1,NULL,'2023-05-04','2023-05-04'),(88,16,2023,3224,'Seguro Abril/2023',4,0,0,1,NULL,'2023-05-04','2023-05-04'),(89,12,2023,500,'Gastos Bancarios Abril/2023',2,0,0,1,NULL,'2023-05-04','2023-05-04'),(90,12,2023,30193,'ALQUILER San Lorenzo 863 03 02 Abril/2023',4,0,1,1,NULL,'2023-05-04','2023-05-04'),(91,12,2023,905.79,'GASTOS DE GESTION Abril/2023',4,0,0,1,NULL,'2023-05-04','2023-05-04'),(92,12,2023,3224,'Seguro Abril/2023',4,0,0,1,NULL,'2023-05-04','2023-05-04'),(93,12,2023,500,'Gastos Bancarios Abril/2023',4,0,0,1,NULL,'2023-05-04','2023-05-04'),(94,15,2023,49200,'ALQUILER Vera Mujica 2106   Abril/2023',4,0,1,1,NULL,'2023-05-04','2023-05-04'),(95,15,2023,1476,'GASTOS DE GESTION Abril/2023',4,0,0,1,NULL,'2023-05-04','2023-05-04'),(96,15,2023,3224,'Seguro Abril/2023',4,0,0,1,NULL,'2023-05-04','2023-05-04'),(97,15,2023,500,'Gastos Bancarios Abril/2023',4,0,0,1,NULL,'2023-05-04','2023-05-04'),(98,16,2023,13440,'ALQUILER Ituzaingo 744 00 06 Abril/2023',4,0,1,1,NULL,'2023-05-04','2023-05-04'),(99,16,2023,403.2,'GASTOS DE GESTION Abril/2023',4,0,0,1,NULL,'2023-05-04','2023-05-04'),(100,16,2023,3224,'Seguro Abril/2023',4,0,0,1,NULL,'2023-05-04','2023-05-04'),(101,16,2023,500,'Gastos Bancarios Abril/2023',4,0,0,1,NULL,'2023-05-04','2023-05-04'),(102,17,2023,19800,'ALQUILER Gaboto 1821 01 02 Abril/2023',4,0,1,1,NULL,'2023-05-04','2023-05-04'),(103,17,2023,594,'GASTOS DE GESTION Abril/2023',4,0,0,1,NULL,'2023-05-04','2023-05-04'),(104,17,2023,3224,'Seguro Abril/2023',4,0,0,1,NULL,'2023-05-04','2023-05-04'),(105,17,2023,500,'Gastos Bancarios Abril/2023',4,0,0,1,NULL,'2023-05-04','2023-05-04'),(106,17,2023,2054,'Tgi Abril/2023',4,0,0,1,NULL,'2023-05-04','2023-05-04'),(107,17,2023,2190,'Aguas Abril/2023',4,0,0,1,NULL,'2023-05-04','2023-05-04'),(108,17,2023,868,'Api Abril/2023',4,0,0,1,NULL,'2023-05-04','2023-05-04'),(109,18,2023,35841,'ALQUILER san lorenzo 863 04 02 Abril/2023',4,0,1,1,NULL,'2023-05-04','2023-05-04'),(110,18,2023,1075.23,'GASTOS DE GESTION Abril/2023',4,0,0,1,NULL,'2023-05-04','2023-05-04'),(111,18,2023,3224,'Seguro Abril/2023',4,0,0,1,NULL,'2023-05-04','2023-05-04'),(112,18,2023,500,'Gastos Bancarios Abril/2023',4,0,0,1,NULL,'2023-05-04','2023-05-04'),(113,19,2023,2525,'ALQUILER Sarmiento 1247 08 03 Abril/2023',4,0,1,1,NULL,'2023-05-04','2023-05-04'),(114,19,2023,75.75,'GASTOS DE GESTION Abril/2023',4,0,0,1,NULL,'2023-05-04','2023-05-04'),(115,19,2023,3224,'Seguro Abril/2023',4,0,0,1,NULL,'2023-05-04','2023-05-04'),(116,19,2023,500,'Gastos Bancarios Abril/2023',4,0,0,1,NULL,'2023-05-04','2023-05-04'),(117,20,2023,22644,'ALQUILER Necochea 1334 05 02 Abril/2023',4,0,1,1,NULL,'2023-05-04','2023-05-04'),(118,20,2023,679.32,'GASTOS DE GESTION Abril/2023',4,0,0,1,NULL,'2023-05-04','2023-05-04'),(119,20,2023,3224,'Seguro Abril/2023',4,0,0,1,NULL,'2023-05-04','2023-05-04'),(120,20,2023,500,'Gastos Bancarios Abril/2023',4,0,0,1,NULL,'2023-05-04','2023-05-04'),(121,21,2023,12500,'ALQUILER Sarmiento 1247 02 05 Abril/2023',4,0,1,1,NULL,'2023-05-04','2023-05-04'),(122,21,2023,375,'GASTOS DE GESTION Abril/2023',4,0,0,1,NULL,'2023-05-04','2023-05-04'),(123,21,2023,3224,'Seguro Abril/2023',4,0,0,1,NULL,'2023-05-04','2023-05-04'),(124,21,2023,500,'Gastos Bancarios Abril/2023',4,0,0,1,NULL,'2023-05-04','2023-05-04'),(125,22,2023,36036,'ALQUILER Buenos Aires 1659 00 03 Abril/2023',4,0,1,1,NULL,'2023-05-04','2023-05-04'),(126,22,2023,1081.08,'GASTOS DE GESTION Abril/2023',4,0,0,1,NULL,'2023-05-04','2023-05-04'),(127,22,2023,3224,'Seguro Abril/2023',4,0,0,1,NULL,'2023-05-04','2023-05-04'),(128,22,2023,500,'Gastos Bancarios Abril/2023',4,0,0,1,NULL,'2023-05-04','2023-05-04'),(129,23,2023,65100,'ALQUILER Maipu  1431 02 01 Abril/2023',4,0,1,1,NULL,'2023-05-04','2023-05-04'),(130,23,2023,1953,'GASTOS DE GESTION Abril/2023',4,0,0,1,NULL,'2023-05-04','2023-05-04'),(131,23,2023,3224,'Seguro Abril/2023',4,0,0,1,NULL,'2023-05-04','2023-05-04'),(132,23,2023,500,'Gastos Bancarios Abril/2023',4,0,0,1,NULL,'2023-05-04','2023-05-04'),(133,24,2023,44623,'ALQUILER 3 de Febrero  2289 01 04 Abril/2023',4,0,1,1,NULL,'2023-05-04','2023-05-04'),(134,24,2023,1338.69,'GASTOS DE GESTION Abril/2023',4,0,0,1,NULL,'2023-05-04','2023-05-04'),(135,24,2023,3224,'Seguro Abril/2023',4,0,0,1,NULL,'2023-05-04','2023-05-04'),(136,24,2023,500,'Gastos Bancarios Abril/2023',4,0,0,1,NULL,'2023-05-04','2023-05-04'),(137,25,2023,22350,'ALQUILER COLON 1256 04 05 Abril/2023',4,0,1,1,NULL,'2023-05-04','2023-05-04'),(138,25,2023,670.5,'GASTOS DE GESTION Abril/2023',4,0,0,1,NULL,'2023-05-04','2023-05-04'),(139,25,2023,3224,'Seguro Abril/2023',4,0,0,1,NULL,'2023-05-04','2023-05-04'),(140,25,2023,500,'Gastos Bancarios Abril/2023',4,0,0,1,NULL,'2023-05-04','2023-05-04'),(141,26,2023,36800,'ALQUILER Sarmiento  1247 01 02 Abril/2023',4,0,1,1,NULL,'2023-05-04','2023-05-04'),(142,26,2023,1104,'GASTOS DE GESTION Abril/2023',4,0,0,1,NULL,'2023-05-04','2023-05-04'),(143,26,2023,3224,'Seguro Abril/2023',4,0,0,1,NULL,'2023-05-04','2023-05-04'),(144,26,2023,500,'Gastos Bancarios Abril/2023',4,0,0,1,NULL,'2023-05-04','2023-05-04'),(145,26,2023,2987,'Tgi Abril/2023',4,0,0,1,NULL,'2023-05-04','2023-05-04'),(146,26,2023,3145,'Aguas Abril/2023',4,0,0,1,NULL,'2023-05-04','2023-05-04'),(147,26,2023,748,'Api Abril/2023',4,0,0,1,NULL,'2023-05-04','2023-05-04'),(148,27,2023,44010,'ALQUILER Riobamba 40 bi 01 02 Abril/2023',4,0,1,1,NULL,'2023-05-04','2023-05-04'),(149,27,2023,1320.3,'GASTOS DE GESTION Abril/2023',4,0,0,1,NULL,'2023-05-04','2023-05-04'),(150,27,2023,3224,'Seguro Abril/2023',4,0,0,1,NULL,'2023-05-04','2023-05-04'),(151,27,2023,3224,'Seguro Abril/2023',4,0,0,1,NULL,'2023-05-04','2023-05-04'),(152,27,2023,500,'Gastos Bancarios Abril/2023',4,0,0,1,NULL,'2023-05-04','2023-05-04'),(153,27,2023,2564,'Aguas Abril/2023',4,0,0,1,NULL,'2023-05-04','2023-05-04'),(154,27,2023,2874,'Tgi Abril/2023',4,0,0,1,NULL,'2023-05-04','2023-05-04'),(155,27,2023,845,'Api Abril/2023',4,0,0,1,NULL,'2023-05-04','2023-05-04'),(156,28,2023,59600,'ALQUILER Urquiza  1949 13 04 Abril/2023',4,0,1,1,NULL,'2023-05-04','2023-05-04'),(157,28,2023,1788,'GASTOS DE GESTION Abril/2023',4,0,0,1,NULL,'2023-05-04','2023-05-04'),(158,28,2023,3224,'Seguro Abril/2023',4,0,0,1,NULL,'2023-05-04','2023-05-04'),(159,28,2023,500,'Gastos Bancarios Abril/2023',4,0,0,1,NULL,'2023-05-04','2023-05-04'),(160,29,2023,22000,'ALQUILER Sarmiento 1247 06 08 Abril/2023',4,1,1,1,'2023-09-05 21:07:36','2023-05-04','2023-09-05'),(161,29,2023,660,'GASTOS DE GESTION Abril/2023',4,1,0,1,'2023-09-05 21:07:36','2023-05-04','2023-09-05'),(162,29,2023,3224,'Seguro Abril/2023',4,1,0,1,'2023-09-05 21:07:36','2023-05-04','2023-09-05'),(163,29,2023,500,'Gastos Bancarios Abril/2023',4,1,0,1,'2023-09-05 21:05:17','2023-05-04','2023-09-05'),(164,30,2023,52050,'ALQUILER Urquiza 1949 07 06 Abril/2023',4,0,1,1,NULL,'2023-05-04','2023-05-04'),(165,30,2023,1561.5,'GASTOS DE GESTION Abril/2023',4,0,0,1,NULL,'2023-05-04','2023-05-04'),(166,30,2023,3224,'Seguro Abril/2023',4,0,0,1,NULL,'2023-05-04','2023-05-04'),(167,30,2023,500,'Gastos Bancarios Abril/2023',4,0,0,1,NULL,'2023-05-04','2023-05-04'),(168,31,2023,32038,'ALQUILER Mitre 757 08 06 Abril/2023',4,0,1,1,NULL,'2023-05-04','2023-05-04'),(169,31,2023,961.14,'GASTOS DE GESTION Abril/2023',4,0,0,1,NULL,'2023-05-04','2023-05-04'),(170,31,2023,3224,'Seguro Abril/2023',4,0,0,1,NULL,'2023-05-04','2023-05-04'),(171,31,2023,500,'Gastos Bancarios Abril/2023',4,0,0,1,NULL,'2023-05-04','2023-05-04'),(172,32,2023,22700,'ALQUILER Gaboto 3573 00 05 Abril/2023',4,0,1,1,NULL,'2023-05-04','2023-05-04'),(173,32,2023,681,'GASTOS DE GESTION Abril/2023',4,0,0,1,NULL,'2023-05-04','2023-05-04'),(174,32,2023,3224,'Seguro Abril/2023',4,0,0,1,NULL,'2023-05-04','2023-05-04'),(175,32,2023,1500,'Expensas Abril/2023',4,0,0,1,NULL,'2023-05-04','2023-05-04'),(176,32,2023,500,'Gastos Bancarios Abril/2023',4,0,0,1,NULL,'2023-05-04','2023-05-04'),(177,35,2023,23586,'ALQUILER Gaboto 3573 00 04 Abril/2023',4,1,1,1,'2023-08-27 01:13:33','2023-05-04','2023-08-26'),(178,35,2023,707.58,'GASTOS DE GESTION Abril/2023',4,0,0,1,NULL,'2023-05-04','2023-05-04'),(179,35,2023,3224,'Seguro Abril/2023',4,1,0,1,'2023-08-27 01:13:33','2023-05-04','2023-08-26'),(180,35,2023,1200,'Expensas Abril/2023',4,0,0,1,NULL,'2023-05-04','2023-05-04'),(181,35,2023,500,'Gastos Bancarios Abril/2023',4,0,0,1,NULL,'2023-05-04','2023-05-04'),(182,35,2023,500,'Gastos Bancarios Abril/2023',4,0,0,1,NULL,'2023-05-04','2023-05-04'),(183,39,2023,18500,'ALQUILER Mitre 2458 02 03 Abril/2023',4,1,1,1,'2023-05-11 22:15:05','2023-05-04','2023-05-11'),(184,39,2023,555,'GASTOS DE GESTION Abril/2023',4,1,0,1,'2023-05-11 22:15:05','2023-05-04','2023-05-11'),(185,39,2023,3224,'Seguro Abril/2023',4,1,0,1,'2023-05-08 15:41:29','2023-05-04','2023-05-08'),(186,39,2023,500,'Gastos Bancarios Abril/2023',4,1,0,1,'2023-05-11 22:15:05','2023-05-04','2023-05-11'),(187,39,2023,500,'Gastos Bancarios Abril/2023',4,0,0,1,NULL,'2023-05-04','2023-05-04'),(188,40,2023,30960,'ALQUILER Cda. Ricardone 1376 04 02 Abril/2023',4,0,1,1,NULL,'2023-05-04','2023-05-04'),(189,40,2023,928.8,'GASTOS DE GESTION Abril/2023',4,0,0,1,NULL,'2023-05-04','2023-05-04'),(190,40,2023,3224,'Seguro Abril/2023',4,0,0,1,NULL,'2023-05-04','2023-05-04'),(191,40,2023,500,'Gastos Bancarios Abril/2023',4,0,0,1,NULL,'2023-05-04','2023-05-04'),(192,41,2023,56000,'ALQUILER Zeballos 867 08 03 Abril/2023',4,1,1,1,'2023-05-08 15:38:15','2023-05-04','2023-05-08'),(193,41,2023,1680,'GASTOS DE GESTION Abril/2023',4,0,0,1,NULL,'2023-05-04','2023-05-04'),(194,41,2023,3224,'Seguro Abril/2023',4,0,0,1,NULL,'2023-05-04','2023-05-04'),(195,41,2023,500,'Gastos Bancarios Abril/2023',4,0,0,1,NULL,'2023-05-04','2023-05-04'),(196,42,2023,50000,'ALQUILER Corrientes 1273 07 02 Abril/2023',4,0,1,1,NULL,'2023-05-04','2023-05-04'),(197,42,2023,1500,'GASTOS DE GESTION Abril/2023',4,0,0,1,NULL,'2023-05-04','2023-05-04'),(198,42,2023,3224,'Seguro Abril/2023',4,0,0,1,NULL,'2023-05-04','2023-05-04'),(199,42,2023,500,'Gastos Bancarios Abril/2023',4,0,0,1,NULL,'2023-05-04','2023-05-04'),(200,43,2023,13800,'ALQUILER Sarmiento 1247 06 07 Abril/2023',4,1,1,1,'2023-08-11 02:19:01','2023-05-04','2023-08-10'),(201,43,2023,414,'GASTOS DE GESTION Abril/2023',4,0,0,1,NULL,'2023-05-04','2023-05-04'),(202,43,2023,3224,'Seguro Abril/2023',4,1,0,1,'2023-08-11 02:19:01','2023-05-04','2023-08-10'),(203,43,2023,500,'Gastos Bancarios Abril/2023',4,0,0,1,NULL,'2023-05-04','2023-05-04'),(204,44,2023,13290,'ALQUILER sarmiento 1247 07 02 Abril/2023',4,1,1,1,'2023-06-12 19:57:51','2023-05-04','2023-06-12'),(205,44,2023,398.7,'GASTOS DE GESTION Abril/2023',4,1,0,1,'2023-08-15 23:46:28','2023-05-04','2023-08-15'),(206,44,2023,2824,'Seguro Abril/2023',4,1,0,1,'2023-08-15 23:46:28','2023-05-04','2023-08-15'),(207,44,2023,1200,'LUZ Abril/2023',4,1,0,1,'2023-08-15 23:46:28','2023-05-04','2023-08-15'),(208,44,2023,700,'Compensación Abril/2023',4,1,0,1,'2023-08-15 23:46:28','2023-05-04','2023-08-15'),(209,44,2023,2000,'TGI Abril/2023',4,1,0,1,'2023-08-15 23:46:28','2023-05-04','2023-08-15'),(210,44,2023,800,'AGUAS Abril/2023',4,1,0,1,'2023-08-15 23:46:28','2023-05-04','2023-08-15'),(211,45,2023,70000,'ALQUILER Regimiento 11  178   Abril/2023',4,0,1,1,NULL,'2023-05-04','2023-05-04'),(212,45,2023,2100,'GASTOS DE GESTION Abril/2023',4,0,0,1,NULL,'2023-05-04','2023-05-04'),(213,45,2023,3241,'Seguro Abril/2023',4,0,0,1,NULL,'2023-05-04','2023-05-04'),(214,45,2023,500,'Gastos Bancarios Abril/2023',4,0,0,1,NULL,'2023-05-04','2023-05-04'),(215,46,2023,66800,'ALQUILER Corrientes 1591 00 06 Abril/2023',4,0,1,1,NULL,'2023-05-04','2023-05-04'),(216,46,2023,2004,'GASTOS DE GESTION Abril/2023',4,0,0,1,NULL,'2023-05-04','2023-05-04'),(217,46,2023,6300,'Seguro Abril/2023',4,0,0,1,NULL,'2023-05-04','2023-05-04'),(218,46,2023,500,'Gastos Bancarios Abril/2023',4,0,0,1,NULL,'2023-05-04','2023-05-04'),(219,47,2023,17710,'ALQUILER La Paz 1138 00 03 Abril/2023',4,0,1,1,NULL,'2023-05-04','2023-08-10'),(220,47,2023,531.3,'GASTOS DE GESTION Abril/2023',4,0,0,1,NULL,'2023-05-04','2023-05-04'),(221,47,2023,3224,'Seguro Abril/2023',4,0,0,1,NULL,'2023-05-04','2023-05-04'),(222,47,2023,500,'Gastos Bancarios Abril/2023',4,0,0,1,NULL,'2023-05-04','2023-08-10'),(223,48,2023,26800,'ALQUILER Pj. Costarelli 5368 01  Abril/2023',4,0,1,1,NULL,'2023-05-04','2023-05-04'),(224,48,2023,804,'GASTOS DE GESTION Abril/2023',4,0,0,1,NULL,'2023-05-04','2023-05-04'),(225,48,2023,3224,'Seguro Abril/2023',4,0,0,1,NULL,'2023-05-04','2023-05-04'),(226,48,2023,500,'Gastos Bancarios Abril/2023',4,0,0,1,NULL,'2023-05-04','2023-05-04'),(227,49,2023,24700,'ALQUILER Caferatta 2033 03 03 Abril/2023',4,1,1,1,'2023-06-12 15:36:57','2023-05-04','2023-06-12'),(228,49,2023,741,'GASTOS DE GESTION Abril/2023',4,0,0,1,NULL,'2023-05-04','2023-06-11'),(229,49,2023,3224,'Seguro Abril/2023',4,1,0,1,'2023-06-12 15:36:57','2023-05-04','2023-06-12'),(230,49,2023,500,'Gastos Bancarios Abril/2023',4,0,0,1,NULL,'2023-05-04','2023-06-11'),(231,50,2023,26300,'ALQUILER Sarmiento 1247 03 07 Abril/2023',4,0,1,1,NULL,'2023-05-04','2023-05-04'),(232,50,2023,789,'GASTOS DE GESTION Abril/2023',4,1,0,1,'2023-05-04 22:12:57','2023-05-04','2023-05-04'),(233,50,2023,3224,'Seguro Abril/2023',4,1,0,1,'2023-05-04 22:12:57','2023-05-04','2023-05-04'),(234,50,2023,3224,'Seguro Abril/2023',4,1,0,1,'2023-05-04 22:12:57','2023-05-04','2023-05-04'),(235,50,2023,3224,'Seguro Abril/2023',4,1,0,1,'2023-05-04 22:12:57','2023-05-04','2023-05-04'),(236,50,2023,500,'Gastos Bancarios Abril/2023',4,1,0,1,'2023-05-04 22:12:57','2023-05-04','2023-05-04'),(237,1,2023,12500,'ALQUILER Necochea 1334 01 03 Mayo/2023',4,0,1,1,NULL,'2023-05-04','2023-05-04'),(238,1,2023,375,'GASTOS DE GESTION Mayo/2023',4,0,0,1,NULL,'2023-05-04','2023-05-04'),(239,1,2023,3224,'Seguro Mayo/2023',4,0,0,1,NULL,'2023-05-04','2023-05-04'),(240,1,2023,500,'Gastos Bancarios Mayo/2023',4,0,0,1,NULL,'2023-05-04','2023-05-04'),(241,2,2023,36200,'ALQUILER 1º de Mayo 2551 05 02 Mayo/2023',5,0,1,1,NULL,'2023-05-04','2023-05-04'),(242,12,2023,1086,'GASTOS DE GESTION Mayo/2023',5,0,0,1,NULL,'2023-05-04','2023-05-04'),(243,2,2023,3224,'Seguro Mayo/2023',5,0,0,1,NULL,'2023-05-04','2023-05-04'),(244,2,2023,3224,'Seguro Mayo/2023',5,0,0,1,NULL,'2023-05-04','2023-05-04'),(245,2,2023,500,'Gastos Bancarios Mayo/2023',5,0,0,1,NULL,'2023-05-04','2023-05-04'),(246,3,2023,24278,'ALQUILER San Martin 1421 01 04 Mayo/2023',5,0,1,1,NULL,'2023-05-04','2023-05-04'),(247,3,2023,728.34,'GASTOS DE GESTION Mayo/2023',3,0,0,1,NULL,'2023-05-04','2023-05-04'),(248,3,2023,3224,'Seguro Mayo/2023',5,0,0,1,NULL,'2023-05-04','2023-05-04'),(249,3,2023,500,'Gastos Bancarios Mayo/2023',5,0,0,1,NULL,'2023-05-04','2023-05-04'),(250,4,2023,11515,'ALQUILER 3 de Febrero  1366 01 04 Mayo/2023',4,0,1,1,NULL,'2023-05-04','2023-05-04'),(251,4,2023,345.45,'GASTOS DE GESTION Mayo/2023',5,0,0,1,NULL,'2023-05-04','2023-05-04'),(252,4,2023,3224,'Seguro Mayo/2023',7,0,0,1,NULL,'2023-05-04','2023-05-04'),(253,4,2023,500,'Gastos Bancarios Mayo/2023',5,0,0,1,NULL,'2023-05-04','2023-05-04'),(254,5,2023,15092,'ALQUILER Sarmiento 1247 07 04 Mayo/2023',5,0,1,1,NULL,'2023-05-04','2023-05-04'),(255,5,2023,452.76,'GASTOS DE GESTION Mayo/2023',5,0,0,1,NULL,'2023-05-04','2023-05-04'),(256,5,2023,3224,'Seguro Mayo/2023',5,0,0,1,NULL,'2023-05-04','2023-05-04'),(257,5,2023,500,'Gastos Bancarios Mayo/2023',5,0,0,1,NULL,'2023-05-04','2023-05-04'),(258,6,2023,22404,'ALQUILER Buenos Aires 880 01 04 Mayo/2023',5,0,1,1,NULL,'2023-05-04','2023-05-04'),(259,6,2023,672.12,'GASTOS DE GESTION Mayo/2023',5,0,0,1,NULL,'2023-05-04','2023-05-04'),(260,6,2023,3224,'Seguro Mayo/2023',5,0,0,1,NULL,'2023-05-04','2023-05-04'),(261,6,2023,500,'Gastos Bancarios Mayo/2023',5,0,0,1,NULL,'2023-05-04','2023-05-04'),(262,8,2023,25800,'ALQUILER Gaboto 1821 04 02 Mayo/2023',5,0,1,1,NULL,'2023-05-04','2023-05-04'),(263,8,2023,774,'GASTOS DE GESTION Mayo/2023',5,0,0,1,NULL,'2023-05-04','2023-05-04'),(264,8,2023,3224,'Seguro Mayo/2023',5,0,0,1,NULL,'2023-05-04','2023-05-04'),(265,8,2023,500,'Gastos Bancarios Mayo/2023',5,0,0,1,NULL,'2023-05-04','2023-05-04'),(266,9,2023,21800,'ALQUILER Gaboto 1875 06 04 Mayo/2023',5,0,1,1,NULL,'2023-05-04','2023-05-04'),(267,9,2023,654,'GASTOS DE GESTION Mayo/2023',5,0,0,1,NULL,'2023-05-04','2023-05-04'),(268,9,2023,3224,'Seguro Mayo/2023',5,0,0,1,NULL,'2023-05-04','2023-05-04'),(269,9,2023,3224,'Seguro Mayo/2023',5,0,0,1,NULL,'2023-05-04','2023-05-04'),(270,9,2023,500,'Gastos Bancarios Mayo/2023',5,0,0,1,NULL,'2023-05-04','2023-05-04'),(271,10,2023,27830,'ALQUILER Cerrito 553 02 03 Mayo/2023',5,0,1,1,NULL,'2023-05-04','2023-05-04'),(272,10,2023,834.9,'GASTOS DE GESTION Mayo/2023',5,0,0,1,NULL,'2023-05-04','2023-05-04'),(273,10,2023,3224,'Seguro Mayo/2023',5,0,0,1,NULL,'2023-05-04','2023-05-04'),(274,10,2023,500,'Gastos Bancarios Mayo/2023',5,0,0,1,NULL,'2023-05-04','2023-05-04'),(275,11,2023,38800,'ALQUILER Sarmiento 1247 00 03 Mayo/2023',5,0,1,1,NULL,'2023-05-04','2023-05-04'),(276,11,2023,1164,'GASTOS DE GESTION Mayo/2023',5,0,0,1,NULL,'2023-05-04','2023-05-04'),(277,11,2023,3224,'Seguro Mayo/2023',5,0,0,1,NULL,'2023-05-04','2023-05-04'),(278,11,2023,500,'Gastos Bancarios Mayo/2023',5,0,0,1,NULL,'2023-05-04','2023-05-04'),(279,12,2023,30193,'ALQUILER San Lorenzo 863 03 02 Mayo/2023',5,0,1,1,NULL,'2023-05-04','2023-05-04'),(280,12,2023,905.79,'GASTOS DE GESTION Mayo/2023',5,0,0,1,NULL,'2023-05-04','2023-05-04'),(281,12,2023,3224,'Seguro Mayo/2023',5,0,0,1,NULL,'2023-05-04','2023-05-04'),(282,12,2023,500,'Gastos Bancarios Mayo/2023',5,0,0,1,NULL,'2023-05-04','2023-05-04'),(283,13,2023,0,'ALQUILER Pellegrini 1068 01 03 Mayo/2023',5,0,1,1,NULL,'2023-05-04','2023-05-04'),(284,13,2023,0,'GASTOS DE GESTION Mayo/2023',5,0,0,1,NULL,'2023-05-04','2023-05-04'),(285,13,2023,3224,'Seguro Mayo/2023',5,0,0,1,NULL,'2023-05-04','2023-05-04'),(286,13,2023,500,'Gastos Bancarios Mayo/2023',5,0,0,1,NULL,'2023-05-04','2023-05-04'),(287,15,2023,49200,'ALQUILER Vera Mujica 2106   Mayo/2023',5,0,1,1,NULL,'2023-05-04','2023-05-04'),(288,15,2023,1476,'GASTOS DE GESTION Mayo/2023',5,0,0,1,NULL,'2023-05-04','2023-05-04'),(289,15,2023,3224,'Seguro Mayo/2023',5,0,0,1,NULL,'2023-05-04','2023-05-04'),(290,15,2023,500,'Gastos Bancarios Mayo/2023',5,0,0,1,NULL,'2023-05-04','2023-05-04'),(291,16,2023,13440,'ALQUILER Ituzaingo 744 00 06 Mayo/2023',5,0,1,1,NULL,'2023-05-04','2023-05-04'),(292,16,2023,403.2,'GASTOS DE GESTION Mayo/2023',5,0,0,1,NULL,'2023-05-04','2023-05-04'),(293,16,2023,3224,'Seguro Mayo/2023',5,0,0,1,NULL,'2023-05-04','2023-05-04'),(294,16,2023,500,'Gastos Bancarios Mayo/2023',5,0,0,1,NULL,'2023-05-04','2023-05-04'),(295,17,2023,19800,'ALQUILER Gaboto 1821 01 02 Mayo/2023',5,0,1,1,NULL,'2023-05-04','2023-05-04'),(296,17,2023,594,'GASTOS DE GESTION Mayo/2023',5,0,0,1,NULL,'2023-05-04','2023-05-04'),(297,17,2023,3224,'Seguro Mayo/2023',5,0,0,1,NULL,'2023-05-04','2023-05-04'),(298,17,2023,500,'Gastos Bancarios Mayo/2023',5,0,0,1,NULL,'2023-05-04','2023-05-04'),(299,17,2023,2054,'Tgi Mayo/2023',5,0,0,1,NULL,'2023-05-04','2023-05-04'),(300,17,2023,2190,'Aguas Mayo/2023',5,0,0,1,NULL,'2023-05-04','2023-05-04'),(301,17,2023,868,'Api Mayo/2023',5,0,0,1,NULL,'2023-05-04','2023-05-04'),(302,18,2023,35841,'ALQUILER san lorenzo 863 04 02 Mayo/2023',5,0,1,1,NULL,'2023-05-04','2023-05-04'),(303,18,2023,1075.23,'GASTOS DE GESTION Mayo/2023',5,0,0,1,NULL,'2023-05-04','2023-05-04'),(304,18,2023,3224,'Seguro Mayo/2023',5,0,0,1,NULL,'2023-05-04','2023-05-04'),(305,18,2023,500,'Gastos Bancarios Mayo/2023',5,0,0,1,NULL,'2023-05-04','2023-05-04'),(306,19,2023,2525,'ALQUILER Sarmiento 1247 08 03 Mayo/2023',5,0,1,1,NULL,'2023-05-04','2023-05-04'),(307,19,2023,75.75,'GASTOS DE GESTION Mayo/2023',5,0,0,1,NULL,'2023-05-04','2023-05-04'),(308,19,2023,3224,'Seguro Mayo/2023',5,0,0,1,NULL,'2023-05-04','2023-05-04'),(309,19,2023,500,'Gastos Bancarios Mayo/2023',5,0,0,1,NULL,'2023-05-04','2023-05-04'),(310,20,2023,22644,'ALQUILER Necochea 1334 05 02 Mayo/2023',5,0,1,1,NULL,'2023-05-04','2023-05-04'),(311,20,2023,679.32,'GASTOS DE GESTION Mayo/2023',5,0,0,1,NULL,'2023-05-04','2023-05-04'),(312,20,2023,3224,'Seguro Mayo/2023',5,0,0,1,NULL,'2023-05-04','2023-05-04'),(313,20,2023,500,'Gastos Bancarios Mayo/2023',5,0,0,1,NULL,'2023-05-04','2023-05-04'),(314,21,2023,12500,'ALQUILER Sarmiento 1247 02 05 Mayo/2023',5,0,1,1,NULL,'2023-05-04','2023-05-04'),(315,21,2023,375,'GASTOS DE GESTION Mayo/2023',5,0,0,1,NULL,'2023-05-04','2023-05-04'),(316,21,2023,3224,'Seguro Mayo/2023',5,0,0,1,NULL,'2023-05-04','2023-05-04'),(317,21,2023,500,'Gastos Bancarios Mayo/2023',5,0,0,1,NULL,'2023-05-04','2023-05-04'),(318,22,2023,36036,'ALQUILER Buenos Aires 1659 00 03 Mayo/2023',5,0,1,1,NULL,'2023-05-04','2023-05-04'),(319,22,2023,1081.08,'GASTOS DE GESTION Mayo/2023',5,0,0,1,NULL,'2023-05-04','2023-05-04'),(320,22,2023,3224,'Seguro Mayo/2023',5,0,0,1,NULL,'2023-05-04','2023-05-04'),(321,22,2023,500,'Gastos Bancarios Mayo/2023',5,0,0,1,NULL,'2023-05-04','2023-05-04'),(322,23,2023,65100,'ALQUILER Maipu  1431 02 01 Mayo/2023',5,0,1,1,NULL,'2023-05-04','2023-05-04'),(323,23,2023,1953,'GASTOS DE GESTION Mayo/2023',5,0,0,1,NULL,'2023-05-04','2023-05-04'),(324,23,2023,3224,'Seguro Mayo/2023',5,0,0,1,NULL,'2023-05-04','2023-05-04'),(325,23,2023,500,'Gastos Bancarios Mayo/2023',5,0,0,1,NULL,'2023-05-04','2023-05-04'),(326,24,2023,44623,'ALQUILER 3 de Febrero  2289 01 04 Mayo/2023',5,0,1,1,NULL,'2023-05-04','2023-05-04'),(327,24,2023,1338.69,'GASTOS DE GESTION Mayo/2023',5,0,0,1,NULL,'2023-05-04','2023-05-04'),(328,24,2023,3224,'Seguro Mayo/2023',5,0,0,1,NULL,'2023-05-04','2023-05-04'),(329,24,2023,500,'Gastos Bancarios Mayo/2023',5,0,0,1,NULL,'2023-05-04','2023-05-04'),(330,25,2023,22350,'ALQUILER COLON 1256 04 05 Mayo/2023',5,0,1,1,NULL,'2023-05-04','2023-05-04'),(331,25,2023,670.5,'GASTOS DE GESTION Mayo/2023',5,0,0,1,NULL,'2023-05-04','2023-05-04'),(332,25,2023,3224,'Seguro Mayo/2023',5,0,0,1,NULL,'2023-05-04','2023-05-04'),(333,25,2023,500,'Gastos Bancarios Mayo/2023',5,0,0,1,NULL,'2023-05-04','2023-05-04'),(334,26,2023,36800,'ALQUILER Sarmiento  1247 01 02 Mayo/2023',5,0,1,1,NULL,'2023-05-04','2023-05-04'),(335,26,2023,1104,'GASTOS DE GESTION Mayo/2023',5,0,0,1,NULL,'2023-05-04','2023-05-04'),(336,26,2023,3224,'Seguro Mayo/2023',5,0,0,1,NULL,'2023-05-04','2023-05-04'),(337,26,2023,500,'Gastos Bancarios Mayo/2023',5,0,0,1,NULL,'2023-05-04','2023-05-04'),(338,26,2023,2987,'Tgi Mayo/2023',5,0,0,1,NULL,'2023-05-04','2023-05-04'),(339,26,2023,3145,'Aguas Mayo/2023',5,0,0,1,NULL,'2023-05-04','2023-05-04'),(340,26,2023,748,'Api Mayo/2023',5,0,0,1,NULL,'2023-05-04','2023-05-04'),(341,27,2023,44010,'ALQUILER Riobamba 40 bi 01 02 Mayo/2023',5,0,1,1,NULL,'2023-05-04','2023-05-04'),(342,27,2023,1320.3,'GASTOS DE GESTION Mayo/2023',5,0,0,1,NULL,'2023-05-04','2023-05-04'),(343,27,2023,3224,'Seguro Mayo/2023',5,0,0,1,NULL,'2023-05-04','2023-05-04'),(344,27,2023,3224,'Seguro Mayo/2023',5,0,0,1,NULL,'2023-05-04','2023-05-04'),(345,27,2023,500,'Gastos Bancarios Mayo/2023',5,0,0,1,NULL,'2023-05-04','2023-05-04'),(346,27,2023,2564,'Aguas Mayo/2023',5,0,0,1,NULL,'2023-05-04','2023-05-04'),(347,27,2023,2874,'Tgi Mayo/2023',5,0,0,1,NULL,'2023-05-04','2023-05-04'),(348,27,2023,845,'Api Mayo/2023',5,0,0,1,NULL,'2023-05-04','2023-05-04'),(349,28,2023,59600,'ALQUILER Urquiza  1949 13 04 Mayo/2023',5,0,1,1,NULL,'2023-05-04','2023-05-04'),(350,28,2023,1788,'GASTOS DE GESTION Mayo/2023',5,0,0,1,NULL,'2023-05-04','2023-05-04'),(351,28,2023,3224,'Seguro Mayo/2023',5,0,0,1,NULL,'2023-05-04','2023-05-04'),(352,28,2023,500,'Gastos Bancarios Mayo/2023',5,0,0,1,NULL,'2023-05-04','2023-05-04'),(353,29,2023,22000,'ALQUILER Sarmiento 1247 06 08 Mayo/2023',5,1,1,1,'2023-09-05 21:07:36','2023-05-04','2023-09-05'),(354,29,2023,660,'GASTOS DE GESTION Mayo/2023',5,1,0,1,'2023-09-05 21:05:17','2023-05-04','2023-09-05'),(355,29,2023,3224,'Seguro Mayo/2023',5,1,0,1,'2023-09-05 21:07:36','2023-05-04','2023-09-05'),(356,29,2023,500,'Gastos Bancarios Mayo/2023',5,1,0,1,'2023-09-05 21:07:36','2023-05-04','2023-09-05'),(357,30,2023,52050,'ALQUILER Urquiza 1949 07 06 Mayo/2023',5,0,1,1,NULL,'2023-05-04','2023-05-04'),(358,30,2023,1561.5,'GASTOS DE GESTION Mayo/2023',5,0,0,1,NULL,'2023-05-04','2023-05-04'),(359,30,2023,3224,'Seguro Mayo/2023',5,0,0,1,NULL,'2023-05-04','2023-05-04'),(360,30,2023,500,'Gastos Bancarios Mayo/2023',5,0,0,1,NULL,'2023-05-04','2023-05-04'),(361,31,2023,32038,'ALQUILER Mitre 757 08 06 Mayo/2023',5,0,1,1,NULL,'2023-05-04','2023-05-04'),(362,31,2023,961.14,'GASTOS DE GESTION Mayo/2023',5,0,0,1,NULL,'2023-05-04','2023-05-04'),(363,31,2023,3224,'Seguro Mayo/2023',5,0,0,1,NULL,'2023-05-04','2023-05-04'),(364,31,2023,500,'Gastos Bancarios Mayo/2023',5,0,0,1,NULL,'2023-05-04','2023-05-04'),(365,32,2023,22700,'ALQUILER Gaboto 3573 00 05 Mayo/2023',5,0,1,1,NULL,'2023-05-04','2023-05-04'),(366,32,2023,681,'GASTOS DE GESTION Mayo/2023',5,0,0,1,NULL,'2023-05-04','2023-05-04'),(367,32,2023,3224,'Seguro Mayo/2023',5,0,0,1,NULL,'2023-05-04','2023-05-04'),(368,32,2023,1500,'Expensas Mayo/2023',5,0,0,1,NULL,'2023-05-04','2023-05-04'),(369,32,2023,500,'Gastos Bancarios Mayo/2023',5,0,0,1,NULL,'2023-05-04','2023-05-04'),(370,35,2023,23586,'ALQUILER Gaboto 3573 00 04 Mayo/2023',5,0,1,1,NULL,'2023-05-04','2023-05-04'),(371,35,2023,707.58,'GASTOS DE GESTION Mayo/2023',5,0,0,1,NULL,'2023-05-04','2023-05-04'),(372,35,2023,3224,'Seguro Mayo/2023',5,0,0,1,NULL,'2023-05-04','2023-05-04'),(373,35,2023,1200,'Expensas Mayo/2023',5,0,0,1,NULL,'2023-05-04','2023-05-04'),(374,35,2023,500,'Gastos Bancarios Mayo/2023',5,0,0,1,NULL,'2023-05-04','2023-05-04'),(375,35,2023,500,'Gastos Bancarios Mayo/2023',5,0,0,1,NULL,'2023-05-04','2023-05-04'),(376,39,2023,18500,'ALQUILER Mitre 2458 02 03 Mayo/2023',5,0,1,1,NULL,'2023-05-04','2023-05-04'),(377,39,2023,555,'GASTOS DE GESTION Mayo/2023',5,1,0,1,'2023-05-08 15:41:29','2023-05-04','2023-05-08'),(378,39,2023,3224,'Seguro Mayo/2023',5,1,0,1,'2023-05-08 15:41:29','2023-05-04','2023-05-08'),(379,39,2023,500,'Gastos Bancarios Mayo/2023',5,0,0,1,NULL,'2023-05-04','2023-05-04'),(380,39,2023,500,'Gastos Bancarios Mayo/2023',5,0,0,1,NULL,'2023-05-04','2023-05-04'),(381,40,2023,30960,'ALQUILER Cda. Ricardone 1376 04 02 Mayo/2023',5,0,1,1,NULL,'2023-05-04','2023-05-04'),(382,40,2023,928.8,'GASTOS DE GESTION Mayo/2023',5,0,0,1,NULL,'2023-05-04','2023-05-04'),(383,40,2023,3224,'Seguro Mayo/2023',5,0,0,1,NULL,'2023-05-04','2023-05-04'),(384,40,2023,500,'Gastos Bancarios Mayo/2023',5,0,0,1,NULL,'2023-05-04','2023-05-04'),(385,41,2023,56000,'ALQUILER Zeballos 867 08 03 Mayo/2023',5,0,1,1,NULL,'2023-05-04','2023-05-04'),(386,41,2023,1680,'GASTOS DE GESTION Mayo/2023',5,1,0,1,'2023-05-08 15:38:15','2023-05-04','2023-05-08'),(387,41,2023,3224,'Seguro Mayo/2023',5,0,0,1,NULL,'2023-05-04','2023-05-04'),(388,41,2023,500,'Gastos Bancarios Mayo/2023',5,1,0,1,'2023-05-08 15:38:15','2023-05-04','2023-05-08'),(389,42,2023,50000,'ALQUILER Corrientes 1273 07 02 Mayo/2023',5,0,1,1,NULL,'2023-05-04','2023-05-04'),(390,42,2023,1500,'GASTOS DE GESTION Mayo/2023',5,0,0,1,NULL,'2023-05-04','2023-05-04'),(391,42,2023,3224,'Seguro Mayo/2023',5,0,0,1,NULL,'2023-05-04','2023-05-04'),(392,42,2023,500,'Gastos Bancarios Mayo/2023',5,0,0,1,NULL,'2023-05-04','2023-05-04'),(393,43,2023,13800,'ALQUILER Sarmiento 1247 06 07 Mayo/2023',5,0,1,1,NULL,'2023-05-04','2023-05-04'),(394,43,2023,414,'GASTOS DE GESTION Mayo/2023',5,0,0,1,NULL,'2023-05-04','2023-05-04'),(395,43,2023,3224,'Seguro Mayo/2023',5,0,0,1,NULL,'2023-05-04','2023-05-04'),(396,43,2023,500,'Gastos Bancarios Mayo/2023',5,0,0,1,NULL,'2023-05-04','2023-05-04'),(397,44,2023,13290,'ALQUILER sarmiento 1247 07 02 Mayo/2023',5,1,1,1,'2023-06-12 19:57:51','2023-05-04','2023-06-12'),(398,44,2023,398.7,'GASTOS DE GESTION Mayo/2023',5,1,0,1,'2023-08-15 23:46:28','2023-05-04','2023-08-15'),(399,45,2023,70000,'ALQUILER Regimiento 11  178   Mayo/2023',5,0,1,1,NULL,'2023-05-04','2023-05-04'),(400,45,2023,2100,'GASTOS DE GESTION Mayo/2023',5,0,0,1,NULL,'2023-05-04','2023-05-04'),(401,45,2023,3241,'Seguro Mayo/2023',5,0,0,1,NULL,'2023-05-04','2023-05-04'),(402,45,2023,500,'Gastos Bancarios Mayo/2023',5,0,0,1,NULL,'2023-05-04','2023-05-04'),(403,46,2023,66800,'ALQUILER Corrientes 1591 00 06 Mayo/2023',5,0,1,1,NULL,'2023-05-04','2023-05-04'),(404,46,2023,2004,'GASTOS DE GESTION Mayo/2023',5,0,0,1,NULL,'2023-05-04','2023-05-04'),(405,46,2023,6300,'Seguro Mayo/2023',5,0,0,1,NULL,'2023-05-04','2023-05-04'),(406,46,2023,500,'Gastos Bancarios Mayo/2023',5,0,0,1,NULL,'2023-05-04','2023-05-04'),(407,47,2023,17710,'ALQUILER La Paz 1138 00 03 Mayo/2023',5,0,1,1,NULL,'2023-05-04','2023-05-04'),(408,47,2023,531.3,'GASTOS DE GESTION Mayo/2023',5,0,0,1,NULL,'2023-05-04','2023-05-04'),(409,47,2023,3224,'Seguro Mayo/2023',5,0,0,1,NULL,'2023-05-04','2023-05-04'),(410,47,2023,500,'Gastos Bancarios Mayo/2023',5,0,0,1,NULL,'2023-05-04','2023-05-04'),(411,48,2023,26800,'ALQUILER Pj. Costarelli 5368 01  Mayo/2023',5,0,1,1,NULL,'2023-05-04','2023-05-04'),(412,48,2023,804,'GASTOS DE GESTION Mayo/2023',5,0,0,1,NULL,'2023-05-04','2023-05-04'),(413,48,2023,3224,'Seguro Mayo/2023',5,0,0,1,NULL,'2023-05-04','2023-05-04'),(414,48,2023,500,'Gastos Bancarios Mayo/2023',5,0,0,1,NULL,'2023-05-04','2023-05-04'),(415,49,2023,24700,'ALQUILER Caferatta 2033 03 03 Mayo/2023',5,0,1,1,NULL,'2023-05-04','2023-06-11'),(416,49,2023,741,'GASTOS DE GESTION Mayo/2023',5,0,0,1,NULL,'2023-05-04','2023-06-11'),(417,49,2023,3224,'Seguro Mayo/2023',5,1,0,1,'2023-06-12 15:36:57','2023-05-04','2023-06-12'),(418,49,2023,500,'Gastos Bancarios Mayo/2023',5,1,0,1,'2023-06-07 01:22:53','2023-05-04','2023-06-06'),(419,44,2023,13290,'ALQUILER sarmiento 1247 07 02 Agosto/2023',8,1,1,1,'2023-08-15 23:47:30','2023-06-06','2023-08-15'),(420,44,2023,398.7,'GASTOS DE GESTION Agosto/2023',8,1,0,1,'2023-08-15 23:47:30','2023-06-06','2023-08-15'),(421,44,2023,2824,'Seguro Agosto/2023',8,1,0,1,'2023-08-15 23:47:30','2023-06-06','2023-08-15'),(422,44,2023,1200,'LUZ Agosto/2023',8,1,0,1,'2023-08-15 23:47:30','2023-06-06','2023-08-15'),(423,44,2023,700,'Compensación Agosto/2023',8,1,0,1,'2023-08-15 23:47:30','2023-06-06','2023-08-15'),(424,44,2023,2000,'TGI Agosto/2023',8,1,0,1,'2023-08-15 23:47:30','2023-06-06','2023-08-15'),(425,44,2023,800,'AGUAS Agosto/2023',8,1,0,1,'2023-08-15 23:47:30','2023-06-06','2023-08-15'),(433,44,2023,13290,'ALQUILER sarmiento 1247 07 02 Septiembre/2023',9,1,1,1,'2023-08-27 00:52:37','2023-06-06','2023-08-26'),(434,44,2023,398.7,'GASTOS DE GESTION Septiembre/2023',9,1,0,1,'2023-08-27 00:52:37','2023-06-06','2023-08-26'),(435,44,2023,2824,'Seguro Septiembre/2023',9,1,0,1,'2023-08-27 00:52:37','2023-06-06','2023-08-26'),(436,44,2023,1200,'LUZ Septiembre/2023',9,1,0,1,'2023-08-15 23:47:30','2023-06-06','2023-08-15'),(437,44,2023,700,'Compensación Septiembre/2023',9,1,0,1,'2023-08-15 23:47:30','2023-06-06','2023-08-15'),(438,44,2023,400,'API Septiembre/2023',9,1,0,1,'2023-08-15 23:47:30','2023-06-06','2023-08-15'),(439,44,2023,2000,'TGI Septiembre/2023',9,1,0,1,'2023-06-12 19:57:51','2023-06-06','2023-06-12'),(440,44,2023,500,'GASTOS BANCARIOS Mayo/2023',5,1,0,1,'2023-06-12 19:57:51','2023-06-12','2023-06-12'),(441,44,2023,2000,'TGI Mayo/2023',5,1,0,1,'2023-08-15 23:46:28','2023-06-12','2023-08-15'),(442,44,2023,400,'API Mayo/2023',5,1,0,1,'2023-06-12 19:57:51','2023-06-12','2023-06-12'),(443,1,2023,12500,'ALQUILER Necochea 1334 01 03 Julio/2023',7,0,1,1,NULL,'2023-08-26','2023-08-26'),(444,1,2023,375,'GASTOS DE GESTION Julio/2023',7,0,0,1,NULL,'2023-08-26','2023-08-26'),(445,1,2023,3224,'Seguro Julio/2023',7,0,0,1,NULL,'2023-08-26','2023-08-26'),(446,1,2023,500,'Gastos Bancarios Julio/2023',7,0,0,1,NULL,'2023-08-26','2023-08-26'),(447,2,2023,36200,'ALQUILER 1º de Mayo 2551 05 02 Julio/2023',7,0,1,1,NULL,'2023-08-26','2023-08-26'),(448,2,2023,1086,'GASTOS DE GESTION Julio/2023',7,0,0,1,NULL,'2023-08-26','2023-08-26'),(449,2,2023,3224,'Seguro Julio/2023',7,0,0,1,NULL,'2023-08-26','2023-08-26'),(450,2,2023,3224,'Seguro Julio/2023',7,0,0,1,NULL,'2023-08-26','2023-08-26'),(451,2,2023,500,'Gastos Bancarios Julio/2023',7,0,0,1,NULL,'2023-08-26','2023-08-26'),(452,3,2023,24278,'ALQUILER San Martin 1421 01 04 Julio/2023',7,0,1,1,NULL,'2023-08-26','2023-08-26'),(453,3,2023,728.34,'GASTOS DE GESTION Julio/2023',7,0,0,1,NULL,'2023-08-26','2023-08-26'),(454,3,2023,3224,'Seguro Julio/2023',7,0,0,1,NULL,'2023-08-26','2023-08-26'),(455,3,2023,500,'Gastos Bancarios Julio/2023',7,0,0,1,NULL,'2023-08-26','2023-08-26'),(456,5,2023,15092,'ALQUILER Sarmiento 1247 07 04 Julio/2023',7,0,1,1,NULL,'2023-08-26','2023-08-26'),(457,5,2023,452.76,'GASTOS DE GESTION Julio/2023',7,0,0,1,NULL,'2023-08-26','2023-08-26'),(458,5,2023,3224,'Seguro Julio/2023',7,0,0,1,NULL,'2023-08-26','2023-08-26'),(459,5,2023,500,'Gastos Bancarios Julio/2023',7,0,0,1,NULL,'2023-08-26','2023-08-26'),(460,6,2023,22404,'ALQUILER Buenos Aires 880 01 04 Julio/2023',7,0,1,1,NULL,'2023-08-26','2023-08-26'),(461,6,2023,672.12,'GASTOS DE GESTION Julio/2023',7,0,0,1,NULL,'2023-08-26','2023-08-26'),(462,6,2023,3224,'Seguro Julio/2023',7,0,0,1,NULL,'2023-08-26','2023-08-26'),(463,6,2023,500,'Gastos Bancarios Julio/2023',7,0,0,1,NULL,'2023-08-26','2023-08-26'),(464,8,2023,25800,'ALQUILER Gaboto 1821 04 02 Julio/2023',7,0,1,1,NULL,'2023-08-26','2023-08-26'),(465,8,2023,774,'GASTOS DE GESTION Julio/2023',7,0,0,1,NULL,'2023-08-26','2023-08-26'),(466,8,2023,3224,'Seguro Julio/2023',7,0,0,1,NULL,'2023-08-26','2023-08-26'),(467,8,2023,500,'Gastos Bancarios Julio/2023',7,0,0,1,NULL,'2023-08-26','2023-08-26'),(468,9,2023,21800,'ALQUILER Gaboto 1875 06 04 Julio/2023',7,0,1,1,NULL,'2023-08-26','2023-08-26'),(469,9,2023,654,'GASTOS DE GESTION Julio/2023',7,0,0,1,NULL,'2023-08-26','2023-08-26'),(470,9,2023,3224,'Seguro Julio/2023',7,0,0,1,NULL,'2023-08-26','2023-08-26'),(471,9,2023,3224,'Seguro Julio/2023',7,0,0,1,NULL,'2023-08-26','2023-08-26'),(472,9,2023,500,'Gastos Bancarios Julio/2023',7,0,0,1,NULL,'2023-08-26','2023-08-26'),(473,10,2023,27830,'ALQUILER Cerrito 553 02 03 Julio/2023',7,0,1,1,NULL,'2023-08-26','2023-08-26'),(474,10,2023,834.9,'GASTOS DE GESTION Julio/2023',7,0,0,1,NULL,'2023-08-26','2023-08-26'),(475,10,2023,3224,'Seguro Julio/2023',7,0,0,1,NULL,'2023-08-26','2023-08-26'),(476,10,2023,500,'Gastos Bancarios Julio/2023',7,0,0,1,NULL,'2023-08-26','2023-08-26'),(477,11,2023,38800,'ALQUILER Sarmiento 1247 00 03 Julio/2023',7,0,1,1,NULL,'2023-08-26','2023-08-26'),(478,11,2023,1164,'GASTOS DE GESTION Julio/2023',7,0,0,1,NULL,'2023-08-26','2023-08-26'),(479,11,2023,3224,'Seguro Julio/2023',7,0,0,1,NULL,'2023-08-26','2023-08-26'),(480,11,2023,500,'Gastos Bancarios Julio/2023',7,0,0,1,NULL,'2023-08-26','2023-08-26'),(481,13,2023,0,'ALQUILER Pellegrini 1068 01 03 Julio/2023',7,0,1,1,NULL,'2023-08-26','2023-08-26'),(482,13,2023,0,'GASTOS DE GESTION Julio/2023',7,0,0,1,NULL,'2023-08-26','2023-08-26'),(483,13,2023,3224,'Seguro Julio/2023',7,0,0,1,NULL,'2023-08-26','2023-08-26'),(484,13,2023,500,'Gastos Bancarios Julio/2023',7,0,0,1,NULL,'2023-08-26','2023-08-26'),(485,15,2023,49200,'ALQUILER Vera Mujica 2106   Julio/2023',7,0,1,1,NULL,'2023-08-26','2023-08-26'),(486,15,2023,1476,'GASTOS DE GESTION Julio/2023',7,0,0,1,NULL,'2023-08-26','2023-08-26'),(487,15,2023,3224,'Seguro Julio/2023',7,0,0,1,NULL,'2023-08-26','2023-08-26'),(488,15,2023,500,'Gastos Bancarios Julio/2023',7,0,0,1,NULL,'2023-08-26','2023-08-26'),(489,16,2023,13440,'ALQUILER Ituzaingo 744 00 06 Julio/2023',7,0,1,1,NULL,'2023-08-26','2023-08-26'),(490,16,2023,403.2,'GASTOS DE GESTION Julio/2023',7,0,0,1,NULL,'2023-08-26','2023-08-26'),(491,16,2023,3224,'Seguro Julio/2023',7,0,0,1,NULL,'2023-08-26','2023-08-26'),(492,16,2023,500,'Gastos Bancarios Julio/2023',7,0,0,1,NULL,'2023-08-26','2023-08-26'),(493,17,2023,19800,'ALQUILER Gaboto 1821 01 02 Julio/2023',7,0,1,1,NULL,'2023-08-26','2023-08-26'),(494,17,2023,594,'GASTOS DE GESTION Julio/2023',7,0,0,1,NULL,'2023-08-26','2023-08-26'),(495,17,2023,3224,'Seguro Julio/2023',7,0,0,1,NULL,'2023-08-26','2023-08-26'),(496,17,2023,500,'Gastos Bancarios Julio/2023',7,0,0,1,NULL,'2023-08-26','2023-08-26'),(497,17,2023,2054,'Tgi Julio/2023',7,0,0,1,NULL,'2023-08-26','2023-08-26'),(498,17,2023,2190,'Aguas Julio/2023',7,0,0,1,NULL,'2023-08-26','2023-08-26'),(499,17,2023,868,'Api Julio/2023',7,0,0,1,NULL,'2023-08-26','2023-08-26'),(500,18,2023,35841,'ALQUILER san lorenzo 863 04 02 Julio/2023',7,0,1,1,NULL,'2023-08-26','2023-08-26'),(501,18,2023,1075.23,'GASTOS DE GESTION Julio/2023',7,0,0,1,NULL,'2023-08-26','2023-08-26'),(502,18,2023,3224,'Seguro Julio/2023',7,0,0,1,NULL,'2023-08-26','2023-08-26'),(503,18,2023,500,'Gastos Bancarios Julio/2023',7,0,0,1,NULL,'2023-08-26','2023-08-26'),(504,19,2023,2525,'ALQUILER Sarmiento 1247 08 03 Julio/2023',7,0,1,1,NULL,'2023-08-26','2023-08-26'),(505,19,2023,75.75,'GASTOS DE GESTION Julio/2023',7,0,0,1,NULL,'2023-08-26','2023-08-26'),(506,19,2023,3224,'Seguro Julio/2023',7,0,0,1,NULL,'2023-08-26','2023-08-26'),(507,19,2023,500,'Gastos Bancarios Julio/2023',7,0,0,1,NULL,'2023-08-26','2023-08-26'),(508,20,2023,22644,'ALQUILER Necochea 1334 05 02 Julio/2023',7,0,1,1,NULL,'2023-08-26','2023-08-26'),(509,20,2023,679.32,'GASTOS DE GESTION Julio/2023',7,0,0,1,NULL,'2023-08-26','2023-08-26'),(510,20,2023,3224,'Seguro Julio/2023',7,0,0,1,NULL,'2023-08-26','2023-08-26'),(511,20,2023,500,'Gastos Bancarios Julio/2023',7,0,0,1,NULL,'2023-08-26','2023-08-26'),(512,21,2023,12500,'ALQUILER Sarmiento 1247 02 05 Julio/2023',7,0,1,1,NULL,'2023-08-26','2023-08-26'),(513,21,2023,375,'GASTOS DE GESTION Julio/2023',7,0,0,1,NULL,'2023-08-26','2023-08-26'),(514,21,2023,3224,'Seguro Julio/2023',7,0,0,1,NULL,'2023-08-26','2023-08-26'),(515,21,2023,500,'Gastos Bancarios Julio/2023',7,0,0,1,NULL,'2023-08-26','2023-08-26'),(516,22,2023,36036,'ALQUILER Buenos Aires 1659 00 03 Julio/2023',7,0,1,1,NULL,'2023-08-26','2023-08-26'),(517,22,2023,1081.08,'GASTOS DE GESTION Julio/2023',7,0,0,1,NULL,'2023-08-26','2023-08-26'),(518,22,2023,3224,'Seguro Julio/2023',7,0,0,1,NULL,'2023-08-26','2023-08-26'),(519,22,2023,500,'Gastos Bancarios Julio/2023',7,0,0,1,NULL,'2023-08-26','2023-08-26'),(520,23,2023,65100,'ALQUILER Maipu  1431 02 01 Julio/2023',7,0,1,1,NULL,'2023-08-26','2023-08-26'),(521,23,2023,1953,'GASTOS DE GESTION Julio/2023',7,0,0,1,NULL,'2023-08-26','2023-08-26'),(522,23,2023,3224,'Seguro Julio/2023',7,0,0,1,NULL,'2023-08-26','2023-08-26'),(523,23,2023,500,'Gastos Bancarios Julio/2023',7,0,0,1,NULL,'2023-08-26','2023-08-26'),(524,24,2023,44623,'ALQUILER 3 de Febrero  2289 01 04 Julio/2023',7,0,1,1,NULL,'2023-08-26','2023-08-26'),(525,24,2023,1338.69,'GASTOS DE GESTION Julio/2023',7,0,0,1,NULL,'2023-08-26','2023-08-26'),(526,24,2023,3224,'Seguro Julio/2023',7,0,0,1,NULL,'2023-08-26','2023-08-26'),(527,24,2023,500,'Gastos Bancarios Julio/2023',7,0,0,1,NULL,'2023-08-26','2023-08-26'),(528,25,2023,22350,'ALQUILER COLON 1256 04 05 Julio/2023',7,0,1,1,NULL,'2023-08-26','2023-08-26'),(529,25,2023,670.5,'GASTOS DE GESTION Julio/2023',7,0,0,1,NULL,'2023-08-26','2023-08-26'),(530,25,2023,3224,'Seguro Julio/2023',7,0,0,1,NULL,'2023-08-26','2023-08-26'),(531,25,2023,500,'Gastos Bancarios Julio/2023',7,0,0,1,NULL,'2023-08-26','2023-08-26'),(532,26,2023,36800,'ALQUILER Sarmiento  1247 01 02 Julio/2023',7,0,1,1,NULL,'2023-08-26','2023-08-26'),(533,26,2023,1104,'GASTOS DE GESTION Julio/2023',7,0,0,1,NULL,'2023-08-26','2023-08-26'),(534,26,2023,3224,'Seguro Julio/2023',7,0,0,1,NULL,'2023-08-26','2023-08-26'),(535,26,2023,500,'Gastos Bancarios Julio/2023',7,0,0,1,NULL,'2023-08-26','2023-08-26'),(536,26,2023,2987,'Tgi Julio/2023',7,0,0,1,NULL,'2023-08-26','2023-08-26'),(537,26,2023,3145,'Aguas Julio/2023',7,0,0,1,NULL,'2023-08-26','2023-08-26'),(538,26,2023,748,'Api Julio/2023',7,0,0,1,NULL,'2023-08-26','2023-08-26'),(539,27,2023,44010,'ALQUILER Riobamba 40 bi 01 02 Julio/2023',7,0,1,1,NULL,'2023-08-26','2023-08-26'),(540,27,2023,1320.3,'GASTOS DE GESTION Julio/2023',7,0,0,1,NULL,'2023-08-26','2023-08-26'),(541,27,2023,3224,'Seguro Julio/2023',7,0,0,1,NULL,'2023-08-26','2023-08-26'),(542,27,2023,3224,'Seguro Julio/2023',7,0,0,1,NULL,'2023-08-26','2023-08-26'),(543,27,2023,500,'Gastos Bancarios Julio/2023',7,0,0,1,NULL,'2023-08-26','2023-08-26'),(544,27,2023,2564,'Aguas Julio/2023',7,0,0,1,NULL,'2023-08-26','2023-08-26'),(545,27,2023,2874,'Tgi Julio/2023',7,0,0,1,NULL,'2023-08-26','2023-08-26'),(546,27,2023,845,'Api Julio/2023',7,0,0,1,NULL,'2023-08-26','2023-08-26'),(547,28,2023,59600,'ALQUILER Urquiza  1949 13 04 Julio/2023',7,0,1,1,NULL,'2023-08-26','2023-08-26'),(548,28,2023,1788,'GASTOS DE GESTION Julio/2023',7,0,0,1,NULL,'2023-08-26','2023-08-26'),(549,28,2023,3224,'Seguro Julio/2023',7,0,0,1,NULL,'2023-08-26','2023-08-26'),(550,28,2023,500,'Gastos Bancarios Julio/2023',7,0,0,1,NULL,'2023-08-26','2023-08-26'),(551,29,2023,22000,'ALQUILER Sarmiento 1247 06 08 Julio/2023',7,0,1,1,NULL,'2023-08-26','2023-08-26'),(552,29,2023,660,'GASTOS DE GESTION Julio/2023',7,0,0,1,NULL,'2023-08-26','2023-08-26'),(553,29,2023,3224,'Seguro Julio/2023',7,0,0,1,NULL,'2023-08-26','2023-08-26'),(554,29,2023,500,'Gastos Bancarios Julio/2023',7,1,0,1,'2023-09-05 21:05:17','2023-08-26','2023-09-05'),(555,30,2023,52050,'ALQUILER Urquiza 1949 07 06 Julio/2023',7,0,1,1,NULL,'2023-08-26','2023-08-26'),(556,30,2023,1561.5,'GASTOS DE GESTION Julio/2023',7,0,0,1,NULL,'2023-08-26','2023-08-26'),(557,30,2023,3224,'Seguro Julio/2023',7,0,0,1,NULL,'2023-08-26','2023-08-26'),(558,30,2023,500,'Gastos Bancarios Julio/2023',7,0,0,1,NULL,'2023-08-26','2023-08-26'),(559,31,2023,32038,'ALQUILER Mitre 757 08 06 Julio/2023',7,0,1,1,NULL,'2023-08-26','2023-08-26'),(560,31,2023,961.14,'GASTOS DE GESTION Julio/2023',7,0,0,1,NULL,'2023-08-26','2023-08-26'),(561,31,2023,3224,'Seguro Julio/2023',7,0,0,1,NULL,'2023-08-26','2023-08-26'),(562,31,2023,500,'Gastos Bancarios Julio/2023',7,0,0,1,NULL,'2023-08-26','2023-08-26'),(563,32,2023,22700,'ALQUILER Gaboto 3573 00 05 Julio/2023',7,0,1,1,NULL,'2023-08-26','2023-08-26'),(564,32,2023,681,'GASTOS DE GESTION Julio/2023',7,0,0,1,NULL,'2023-08-26','2023-08-26'),(565,32,2023,3224,'Seguro Julio/2023',7,0,0,1,NULL,'2023-08-26','2023-08-26'),(566,32,2023,1500,'Expensas Julio/2023',7,0,0,1,NULL,'2023-08-26','2023-08-26'),(567,32,2023,500,'Gastos Bancarios Julio/2023',7,0,0,1,NULL,'2023-08-26','2023-08-26'),(568,35,2023,23586,'ALQUILER Gaboto 3573 00 04 Julio/2023',7,0,1,1,NULL,'2023-08-26','2023-08-26'),(569,35,2023,707.58,'GASTOS DE GESTION Julio/2023',7,0,0,1,NULL,'2023-08-26','2023-08-26'),(570,35,2023,3224,'Seguro Julio/2023',7,0,0,1,NULL,'2023-08-26','2023-08-26'),(571,35,2023,1200,'Expensas Julio/2023',7,0,0,1,NULL,'2023-08-26','2023-08-26'),(572,35,2023,500,'Gastos Bancarios Julio/2023',7,0,0,1,NULL,'2023-08-26','2023-08-26'),(573,35,2023,500,'Gastos Bancarios Julio/2023',7,0,0,1,NULL,'2023-08-26','2023-08-26'),(574,39,2023,18500,'ALQUILER Mitre 2458 02 03 Julio/2023',7,0,1,1,NULL,'2023-08-26','2023-08-26'),(575,39,2023,555,'GASTOS DE GESTION Julio/2023',7,0,0,1,NULL,'2023-08-26','2023-08-26'),(576,39,2023,3224,'Seguro Julio/2023',7,0,0,1,NULL,'2023-08-26','2023-08-26'),(577,39,2023,500,'Gastos Bancarios Julio/2023',7,0,0,1,NULL,'2023-08-26','2023-08-26'),(578,39,2023,500,'Gastos Bancarios Julio/2023',7,0,0,1,NULL,'2023-08-26','2023-08-26'),(579,40,2023,30960,'ALQUILER Cda. Ricardone 1376 04 02 Julio/2023',7,0,1,1,NULL,'2023-08-26','2023-08-26'),(580,40,2023,928.8,'GASTOS DE GESTION Julio/2023',7,0,0,1,NULL,'2023-08-26','2023-08-26'),(581,40,2023,3224,'Seguro Julio/2023',7,0,0,1,NULL,'2023-08-26','2023-08-26'),(582,40,2023,500,'Gastos Bancarios Julio/2023',7,0,0,1,NULL,'2023-08-26','2023-08-26'),(583,41,2023,56000,'ALQUILER Zeballos 867 08 03 Julio/2023',7,0,1,1,NULL,'2023-08-26','2023-08-26'),(584,41,2023,1680,'GASTOS DE GESTION Julio/2023',7,0,0,1,NULL,'2023-08-26','2023-08-26'),(585,41,2023,3224,'Seguro Julio/2023',7,0,0,1,NULL,'2023-08-26','2023-08-26'),(586,41,2023,500,'Gastos Bancarios Julio/2023',7,0,0,1,NULL,'2023-08-26','2023-08-26'),(587,42,2023,50000,'ALQUILER Corrientes 1273 07 02 Julio/2023',7,1,1,1,'2023-08-27 01:14:26','2023-08-26','2023-08-26'),(588,42,2023,1500,'GASTOS DE GESTION Julio/2023',7,1,0,1,'2023-08-27 01:14:26','2023-08-26','2023-08-26'),(589,42,2023,3224,'Seguro Julio/2023',7,1,0,1,'2023-08-27 01:14:26','2023-08-26','2023-08-26'),(590,42,2023,500,'Gastos Bancarios Julio/2023',7,1,0,1,'2023-08-27 01:14:26','2023-08-26','2023-08-26'),(591,43,2023,13800,'ALQUILER Sarmiento 1247 06 07 Julio/2023',7,0,1,1,NULL,'2023-08-26','2023-08-26'),(592,43,2023,414,'GASTOS DE GESTION Julio/2023',7,0,0,1,NULL,'2023-08-26','2023-08-26'),(593,43,2023,3224,'Seguro Julio/2023',7,0,0,1,NULL,'2023-08-26','2023-08-26'),(594,43,2023,500,'Gastos Bancarios Julio/2023',7,0,0,1,NULL,'2023-08-26','2023-08-26'),(595,44,2023,42500,'ALQUILER sarmiento 1247 07 02 Julio/2023',7,1,1,1,'2023-08-27 00:52:37','2023-08-26','2023-08-26'),(596,44,2023,1275,'GASTOS DE GESTION Julio/2023',7,1,0,1,'2023-08-27 00:52:37','2023-08-26','2023-08-26'),(597,44,2023,2824,'Seguro Julio/2023',7,1,0,1,'2023-08-27 00:52:37','2023-08-26','2023-08-26'),(598,44,2023,1200,'LUZ Julio/2023',7,1,0,1,'2023-08-27 00:52:37','2023-08-26','2023-08-26'),(599,44,2023,700,'Compensación Julio/2023',7,1,0,1,'2023-08-27 00:52:37','2023-08-26','2023-08-26'),(600,44,2023,400,'API Julio/2023',7,1,0,1,'2023-08-27 00:52:37','2023-08-26','2023-08-26'),(601,44,2023,2000,'TGI Julio/2023',7,1,0,1,'2023-08-27 00:52:37','2023-08-26','2023-08-26'),(602,45,2023,70000,'ALQUILER Regimiento 11  178   Julio/2023',7,0,1,1,NULL,'2023-08-26','2023-08-26'),(603,45,2023,2100,'GASTOS DE GESTION Julio/2023',7,0,0,1,NULL,'2023-08-26','2023-08-26'),(604,45,2023,3241,'Seguro Julio/2023',7,0,0,1,NULL,'2023-08-26','2023-08-26'),(605,45,2023,500,'Gastos Bancarios Julio/2023',7,0,0,1,NULL,'2023-08-26','2023-08-26'),(606,46,2023,66800,'ALQUILER Corrientes 1591 00 06 Julio/2023',7,0,1,1,NULL,'2023-08-26','2023-08-26'),(607,46,2023,2004,'GASTOS DE GESTION Julio/2023',7,0,0,1,NULL,'2023-08-26','2023-08-26'),(608,46,2023,6300,'Seguro Julio/2023',7,0,0,1,NULL,'2023-08-26','2023-08-26'),(609,46,2023,500,'Gastos Bancarios Julio/2023',7,0,0,1,NULL,'2023-08-26','2023-08-26'),(610,47,2023,17710,'ALQUILER La Paz 1138 00 03 Julio/2023',7,0,1,1,NULL,'2023-08-26','2023-08-26'),(611,47,2023,531.3,'GASTOS DE GESTION Julio/2023',7,0,0,1,NULL,'2023-08-26','2023-08-26'),(612,47,2023,3224,'Seguro Julio/2023',7,0,0,1,NULL,'2023-08-26','2023-08-26'),(613,47,2023,500,'Gastos Bancarios Julio/2023',7,0,0,1,NULL,'2023-08-26','2023-08-26'),(614,48,2023,26800,'ALQUILER Pj. Costarelli 5368 01  Julio/2023',7,0,1,1,NULL,'2023-08-26','2023-08-26'),(615,48,2023,804,'GASTOS DE GESTION Julio/2023',7,0,0,1,NULL,'2023-08-26','2023-08-26'),(616,48,2023,3224,'Seguro Julio/2023',7,0,0,1,NULL,'2023-08-26','2023-08-26'),(617,48,2023,500,'Gastos Bancarios Julio/2023',7,0,0,1,NULL,'2023-08-26','2023-08-26'),(618,49,2023,24700,'ALQUILER Caferatta 2033 03 03 Julio/2023',7,0,1,1,NULL,'2023-08-26','2023-08-26'),(619,49,2023,741,'GASTOS DE GESTION Julio/2023',7,0,0,1,NULL,'2023-08-26','2023-08-26'),(620,49,2023,3224,'Seguro Julio/2023',7,0,0,1,NULL,'2023-08-26','2023-08-26'),(621,49,2023,500,'Gastos Bancarios Julio/2023',7,0,0,1,NULL,'2023-08-26','2023-08-26'),(622,50,2023,26300,'ALQUILER Sarmiento 1247 03 07 Julio/2023',7,0,1,1,NULL,'2023-08-26','2023-08-26'),(623,50,2023,789,'GASTOS DE GESTION Julio/2023',7,0,0,1,NULL,'2023-08-26','2023-08-26'),(624,50,2023,3224,'Seguro Julio/2023',7,0,0,1,NULL,'2023-08-26','2023-08-26'),(625,50,2023,3224,'Seguro Julio/2023',7,0,0,1,NULL,'2023-08-26','2023-08-26'),(626,50,2023,3224,'Seguro Julio/2023',7,0,0,1,NULL,'2023-08-26','2023-08-26'),(627,50,2023,500,'Gastos Bancarios Julio/2023',7,0,0,1,NULL,'2023-08-26','2023-08-26'),(628,1,2023,12500,'ALQUILER Necochea 1334 01 03 Noviembre/2023',11,0,1,1,NULL,'2023-12-01','2023-12-01'),(629,1,2023,375,'GASTOS DE GESTION Noviembre/2023',11,0,0,1,NULL,'2023-12-01','2023-12-01'),(630,1,2023,3224,'Seguro Noviembre/2023',11,0,0,1,NULL,'2023-12-01','2023-12-01'),(631,1,2023,500,'Gastos Bancarios Noviembre/2023',11,0,0,1,NULL,'2023-12-01','2023-12-01'),(632,2,2023,36200,'ALQUILER 1º de Mayo 2551 05 02 Noviembre/2023',11,0,1,1,NULL,'2023-12-01','2023-12-01'),(633,2,2023,1086,'GASTOS DE GESTION Noviembre/2023',11,0,0,1,NULL,'2023-12-01','2023-12-01'),(634,2,2023,3224,'Seguro Noviembre/2023',11,0,0,1,NULL,'2023-12-01','2023-12-01'),(635,2,2023,3224,'Seguro Noviembre/2023',11,0,0,1,NULL,'2023-12-01','2023-12-01'),(636,2,2023,500,'Gastos Bancarios Noviembre/2023',11,0,0,1,NULL,'2023-12-01','2023-12-01'),(637,3,2023,24278,'ALQUILER San Martin 1421 01 04 Noviembre/2023',11,0,1,1,NULL,'2023-12-01','2023-12-01'),(638,3,2023,728.34,'GASTOS DE GESTION Noviembre/2023',11,0,0,1,NULL,'2023-12-01','2023-12-01'),(639,3,2023,3224,'Seguro Noviembre/2023',11,0,0,1,NULL,'2023-12-01','2023-12-01'),(640,3,2023,500,'Gastos Bancarios Noviembre/2023',11,0,0,1,NULL,'2023-12-01','2023-12-01'),(641,5,2023,15092,'ALQUILER Sarmiento 1247 07 04 Noviembre/2023',11,0,1,1,NULL,'2023-12-01','2023-12-01'),(642,5,2023,452.76,'GASTOS DE GESTION Noviembre/2023',11,0,0,1,NULL,'2023-12-01','2023-12-01'),(643,5,2023,3224,'Seguro Noviembre/2023',11,0,0,1,NULL,'2023-12-01','2023-12-01'),(644,5,2023,500,'Gastos Bancarios Noviembre/2023',11,0,0,1,NULL,'2023-12-01','2023-12-01'),(645,8,2023,25800,'ALQUILER Gaboto 1821 04 02 Noviembre/2023',11,0,1,1,NULL,'2023-12-01','2023-12-01'),(646,8,2023,774,'GASTOS DE GESTION Noviembre/2023',11,0,0,1,NULL,'2023-12-01','2023-12-01'),(647,8,2023,3224,'Seguro Noviembre/2023',11,0,0,1,NULL,'2023-12-01','2023-12-01'),(648,8,2023,500,'Gastos Bancarios Noviembre/2023',11,0,0,1,NULL,'2023-12-01','2023-12-01'),(649,9,2023,21800,'ALQUILER Gaboto 1875 06 04 Noviembre/2023',11,0,1,1,NULL,'2023-12-01','2023-12-01'),(650,9,2023,654,'GASTOS DE GESTION Noviembre/2023',11,0,0,1,NULL,'2023-12-01','2023-12-01'),(651,9,2023,3224,'Seguro Noviembre/2023',11,0,0,1,NULL,'2023-12-01','2023-12-01'),(652,9,2023,3224,'Seguro Noviembre/2023',11,0,0,1,NULL,'2023-12-01','2023-12-01'),(653,9,2023,500,'Gastos Bancarios Noviembre/2023',11,0,0,1,NULL,'2023-12-01','2023-12-01'),(654,10,2023,27830,'ALQUILER Cerrito 553 02 03 Noviembre/2023',11,0,1,1,NULL,'2023-12-01','2023-12-01'),(655,10,2023,834.9,'GASTOS DE GESTION Noviembre/2023',11,0,0,1,NULL,'2023-12-01','2023-12-01'),(656,10,2023,3224,'Seguro Noviembre/2023',11,0,0,1,NULL,'2023-12-01','2023-12-01'),(657,10,2023,500,'Gastos Bancarios Noviembre/2023',11,0,0,1,NULL,'2023-12-01','2023-12-01'),(658,11,2023,38800,'ALQUILER Sarmiento 1247 00 03 Noviembre/2023',11,0,1,1,NULL,'2023-12-01','2023-12-01'),(659,11,2023,1164,'GASTOS DE GESTION Noviembre/2023',11,0,0,1,NULL,'2023-12-01','2023-12-01'),(660,11,2023,3224,'Seguro Noviembre/2023',11,0,0,1,NULL,'2023-12-01','2023-12-01'),(661,11,2023,500,'Gastos Bancarios Noviembre/2023',11,0,0,1,NULL,'2023-12-01','2023-12-01'),(662,13,2023,0,'ALQUILER Pellegrini 1068 01 03 Noviembre/2023',11,0,1,1,NULL,'2023-12-01','2023-12-01'),(663,13,2023,0,'GASTOS DE GESTION Noviembre/2023',11,0,0,1,NULL,'2023-12-01','2023-12-01'),(664,13,2023,3224,'Seguro Noviembre/2023',11,0,0,1,NULL,'2023-12-01','2023-12-01'),(665,13,2023,500,'Gastos Bancarios Noviembre/2023',11,0,0,1,NULL,'2023-12-01','2023-12-01'),(666,15,2023,49200,'ALQUILER Vera Mujica 2106   Noviembre/2023',11,0,1,1,NULL,'2023-12-01','2023-12-01'),(667,15,2023,1476,'GASTOS DE GESTION Noviembre/2023',11,0,0,1,NULL,'2023-12-01','2023-12-01'),(668,15,2023,3224,'Seguro Noviembre/2023',11,0,0,1,NULL,'2023-12-01','2023-12-01'),(669,15,2023,500,'Gastos Bancarios Noviembre/2023',11,0,0,1,NULL,'2023-12-01','2023-12-01'),(670,16,2023,13440,'ALQUILER Ituzaingo 744 00 06 Noviembre/2023',11,0,1,1,NULL,'2023-12-01','2023-12-01'),(671,16,2023,403.2,'GASTOS DE GESTION Noviembre/2023',11,0,0,1,NULL,'2023-12-01','2023-12-01'),(672,16,2023,3224,'Seguro Noviembre/2023',11,0,0,1,NULL,'2023-12-01','2023-12-01'),(673,16,2023,500,'Gastos Bancarios Noviembre/2023',11,0,0,1,NULL,'2023-12-01','2023-12-01'),(674,17,2023,19800,'ALQUILER Gaboto 1821 01 02 Noviembre/2023',11,0,1,1,NULL,'2023-12-01','2023-12-01'),(675,17,2023,594,'GASTOS DE GESTION Noviembre/2023',11,0,0,1,NULL,'2023-12-01','2023-12-01'),(676,17,2023,3224,'Seguro Noviembre/2023',11,0,0,1,NULL,'2023-12-01','2023-12-01'),(677,17,2023,500,'Gastos Bancarios Noviembre/2023',11,0,0,1,NULL,'2023-12-01','2023-12-01'),(678,17,2023,2054,'Tgi Noviembre/2023',11,0,0,1,NULL,'2023-12-01','2023-12-01'),(679,17,2023,2190,'Aguas Noviembre/2023',11,0,0,1,NULL,'2023-12-01','2023-12-01'),(680,17,2023,868,'Api Noviembre/2023',11,0,0,1,NULL,'2023-12-01','2023-12-01'),(681,19,2023,2525,'ALQUILER Sarmiento 1247 08 03 Noviembre/2023',11,0,1,1,NULL,'2023-12-01','2023-12-01'),(682,19,2023,75.75,'GASTOS DE GESTION Noviembre/2023',11,0,0,1,NULL,'2023-12-01','2023-12-01'),(683,19,2023,3224,'Seguro Noviembre/2023',11,0,0,1,NULL,'2023-12-01','2023-12-01'),(684,19,2023,500,'Gastos Bancarios Noviembre/2023',11,0,0,1,NULL,'2023-12-01','2023-12-01'),(685,20,2023,22644,'ALQUILER Necochea 1334 05 02 Noviembre/2023',11,0,1,1,NULL,'2023-12-01','2023-12-01'),(686,20,2023,679.32,'GASTOS DE GESTION Noviembre/2023',11,0,0,1,NULL,'2023-12-01','2023-12-01'),(687,20,2023,3224,'Seguro Noviembre/2023',11,0,0,1,NULL,'2023-12-01','2023-12-01'),(688,20,2023,500,'Gastos Bancarios Noviembre/2023',11,0,0,1,NULL,'2023-12-01','2023-12-01'),(689,21,2023,12500,'ALQUILER Sarmiento 1247 02 05 Noviembre/2023',11,0,1,1,NULL,'2023-12-01','2023-12-01'),(690,21,2023,375,'GASTOS DE GESTION Noviembre/2023',11,0,0,1,NULL,'2023-12-01','2023-12-01'),(691,21,2023,3224,'Seguro Noviembre/2023',11,0,0,1,NULL,'2023-12-01','2023-12-01'),(692,21,2023,500,'Gastos Bancarios Noviembre/2023',11,0,0,1,NULL,'2023-12-01','2023-12-01'),(693,22,2023,36036,'ALQUILER Buenos Aires 1659 00 03 Noviembre/2023',11,0,1,1,NULL,'2023-12-01','2023-12-01'),(694,22,2023,1081.08,'GASTOS DE GESTION Noviembre/2023',11,0,0,1,NULL,'2023-12-01','2023-12-01'),(695,22,2023,3224,'Seguro Noviembre/2023',11,0,0,1,NULL,'2023-12-01','2023-12-01'),(696,22,2023,500,'Gastos Bancarios Noviembre/2023',11,0,0,1,NULL,'2023-12-01','2023-12-01'),(697,23,2023,65100,'ALQUILER Maipu  1431 02 01 Noviembre/2023',11,0,1,1,NULL,'2023-12-01','2023-12-01'),(698,23,2023,1953,'GASTOS DE GESTION Noviembre/2023',11,0,0,1,NULL,'2023-12-01','2023-12-01'),(699,23,2023,3224,'Seguro Noviembre/2023',11,0,0,1,NULL,'2023-12-01','2023-12-01'),(700,23,2023,500,'Gastos Bancarios Noviembre/2023',11,0,0,1,NULL,'2023-12-01','2023-12-01'),(701,24,2023,44623,'ALQUILER 3 de Febrero  2289 01 04 Noviembre/2023',11,0,1,1,NULL,'2023-12-01','2023-12-01'),(702,24,2023,1338.69,'GASTOS DE GESTION Noviembre/2023',11,0,0,1,NULL,'2023-12-01','2023-12-01'),(703,24,2023,3224,'Seguro Noviembre/2023',11,0,0,1,NULL,'2023-12-01','2023-12-01'),(704,24,2023,500,'Gastos Bancarios Noviembre/2023',11,0,0,1,NULL,'2023-12-01','2023-12-01'),(705,25,2023,22350,'ALQUILER COLON 1256 04 05 Noviembre/2023',11,0,1,1,NULL,'2023-12-01','2023-12-01'),(706,25,2023,670.5,'GASTOS DE GESTION Noviembre/2023',11,0,0,1,NULL,'2023-12-01','2023-12-01'),(707,25,2023,3224,'Seguro Noviembre/2023',11,0,0,1,NULL,'2023-12-01','2023-12-01'),(708,25,2023,500,'Gastos Bancarios Noviembre/2023',11,0,0,1,NULL,'2023-12-01','2023-12-01'),(709,26,2023,36800,'ALQUILER Sarmiento  1247 01 02 Noviembre/2023',11,0,1,1,NULL,'2023-12-01','2023-12-01'),(710,26,2023,1104,'GASTOS DE GESTION Noviembre/2023',11,0,0,1,NULL,'2023-12-01','2023-12-01'),(711,26,2023,3224,'Seguro Noviembre/2023',11,0,0,1,NULL,'2023-12-01','2023-12-01'),(712,26,2023,500,'Gastos Bancarios Noviembre/2023',11,0,0,1,NULL,'2023-12-01','2023-12-01'),(713,26,2023,2987,'Tgi Noviembre/2023',11,0,0,1,NULL,'2023-12-01','2023-12-01'),(714,26,2023,3145,'Aguas Noviembre/2023',11,0,0,1,NULL,'2023-12-01','2023-12-01'),(715,26,2023,748,'Api Noviembre/2023',11,0,0,1,NULL,'2023-12-01','2023-12-01'),(716,27,2023,44010,'ALQUILER Riobamba 40 bi 01 02 Noviembre/2023',11,0,1,1,NULL,'2023-12-01','2023-12-01'),(717,27,2023,1320.3,'GASTOS DE GESTION Noviembre/2023',11,0,0,1,NULL,'2023-12-01','2023-12-01'),(718,27,2023,3224,'Seguro Noviembre/2023',11,0,0,1,NULL,'2023-12-01','2023-12-01'),(719,27,2023,3224,'Seguro Noviembre/2023',11,0,0,1,NULL,'2023-12-01','2023-12-01'),(720,27,2023,500,'Gastos Bancarios Noviembre/2023',11,0,0,1,NULL,'2023-12-01','2023-12-01'),(721,27,2023,2564,'Aguas Noviembre/2023',11,0,0,1,NULL,'2023-12-01','2023-12-01'),(722,27,2023,2874,'Tgi Noviembre/2023',11,0,0,1,NULL,'2023-12-01','2023-12-01'),(723,27,2023,845,'Api Noviembre/2023',11,0,0,1,NULL,'2023-12-01','2023-12-01'),(724,28,2023,59600,'ALQUILER Urquiza  1949 13 04 Noviembre/2023',11,0,1,1,NULL,'2023-12-01','2023-12-01'),(725,28,2023,1788,'GASTOS DE GESTION Noviembre/2023',11,0,0,1,NULL,'2023-12-01','2023-12-01'),(726,28,2023,3224,'Seguro Noviembre/2023',11,0,0,1,NULL,'2023-12-01','2023-12-01'),(727,28,2023,500,'Gastos Bancarios Noviembre/2023',11,0,0,1,NULL,'2023-12-01','2023-12-01'),(728,29,2023,22000,'ALQUILER Sarmiento 1247 06 08 Noviembre/2023',11,0,1,1,NULL,'2023-12-01','2023-12-01'),(729,29,2023,660,'GASTOS DE GESTION Noviembre/2023',11,0,0,1,NULL,'2023-12-01','2023-12-01'),(730,29,2023,3224,'Seguro Noviembre/2023',11,0,0,1,NULL,'2023-12-01','2023-12-01'),(731,29,2023,500,'Gastos Bancarios Noviembre/2023',11,0,0,1,NULL,'2023-12-01','2023-12-01'),(732,30,2023,52050,'ALQUILER Urquiza 1949 07 06 Noviembre/2023',11,0,1,1,NULL,'2023-12-01','2023-12-01'),(733,30,2023,1561.5,'GASTOS DE GESTION Noviembre/2023',11,0,0,1,NULL,'2023-12-01','2023-12-01'),(734,30,2023,3224,'Seguro Noviembre/2023',11,0,0,1,NULL,'2023-12-01','2023-12-01'),(735,30,2023,500,'Gastos Bancarios Noviembre/2023',11,0,0,1,NULL,'2023-12-01','2023-12-01'),(736,31,2023,32038,'ALQUILER Mitre 757 08 06 Noviembre/2023',11,0,1,1,NULL,'2023-12-01','2023-12-01'),(737,31,2023,961.14,'GASTOS DE GESTION Noviembre/2023',11,0,0,1,NULL,'2023-12-01','2023-12-01'),(738,31,2023,3224,'Seguro Noviembre/2023',11,0,0,1,NULL,'2023-12-01','2023-12-01'),(739,31,2023,500,'Gastos Bancarios Noviembre/2023',11,0,0,1,NULL,'2023-12-01','2023-12-01'),(740,32,2023,22700,'ALQUILER Gaboto 3573 00 05 Noviembre/2023',11,0,1,1,NULL,'2023-12-01','2023-12-01'),(741,32,2023,681,'GASTOS DE GESTION Noviembre/2023',11,0,0,1,NULL,'2023-12-01','2023-12-01'),(742,32,2023,3224,'Seguro Noviembre/2023',11,0,0,1,NULL,'2023-12-01','2023-12-01'),(743,32,2023,1500,'Expensas Noviembre/2023',11,0,0,1,NULL,'2023-12-01','2023-12-01'),(744,32,2023,500,'Gastos Bancarios Noviembre/2023',11,0,0,1,NULL,'2023-12-01','2023-12-01'),(745,39,2023,18500,'ALQUILER Mitre 2458 02 03 Noviembre/2023',11,0,1,1,NULL,'2023-12-01','2023-12-01'),(746,39,2023,555,'GASTOS DE GESTION Noviembre/2023',11,0,0,1,NULL,'2023-12-01','2023-12-01'),(747,39,2023,3224,'Seguro Noviembre/2023',11,0,0,1,NULL,'2023-12-01','2023-12-01'),(748,39,2023,500,'Gastos Bancarios Noviembre/2023',11,0,0,1,NULL,'2023-12-01','2023-12-01'),(749,39,2023,500,'Gastos Bancarios Noviembre/2023',11,0,0,1,NULL,'2023-12-01','2023-12-01'),(750,40,2023,30960,'ALQUILER Cda. Ricardone 1376 04 02 Noviembre/2023',11,0,1,1,NULL,'2023-12-01','2023-12-01'),(751,40,2023,928.8,'GASTOS DE GESTION Noviembre/2023',11,0,0,1,NULL,'2023-12-01','2023-12-01'),(752,40,2023,3224,'Seguro Noviembre/2023',11,0,0,1,NULL,'2023-12-01','2023-12-01'),(753,40,2023,500,'Gastos Bancarios Noviembre/2023',11,0,0,1,NULL,'2023-12-01','2023-12-01'),(754,41,2023,56000,'ALQUILER Zeballos 867 08 03 Noviembre/2023',11,0,1,1,NULL,'2023-12-01','2023-12-01'),(755,41,2023,1680,'GASTOS DE GESTION Noviembre/2023',11,0,0,1,NULL,'2023-12-01','2023-12-01'),(756,41,2023,3224,'Seguro Noviembre/2023',11,0,0,1,NULL,'2023-12-01','2023-12-01'),(757,41,2023,500,'Gastos Bancarios Noviembre/2023',11,0,0,1,NULL,'2023-12-01','2023-12-01'),(758,42,2023,50000,'ALQUILER Corrientes 1273 07 02 Noviembre/2023',11,0,1,1,NULL,'2023-12-01','2023-12-01'),(759,42,2023,1500,'GASTOS DE GESTION Noviembre/2023',11,0,0,1,NULL,'2023-12-01','2023-12-01'),(760,42,2023,3224,'Seguro Noviembre/2023',11,0,0,1,NULL,'2023-12-01','2023-12-01'),(761,42,2023,500,'Gastos Bancarios Noviembre/2023',11,0,0,1,NULL,'2023-12-01','2023-12-01'),(762,43,2023,13800,'ALQUILER Sarmiento 1247 06 07 Noviembre/2023',11,0,1,1,NULL,'2023-12-01','2023-12-01'),(763,43,2023,414,'GASTOS DE GESTION Noviembre/2023',11,0,0,1,NULL,'2023-12-01','2023-12-01'),(764,43,2023,3224,'Seguro Noviembre/2023',11,0,0,1,NULL,'2023-12-01','2023-12-01'),(765,43,2023,500,'Gastos Bancarios Noviembre/2023',11,0,0,1,NULL,'2023-12-01','2023-12-01'),(766,45,2023,70000,'ALQUILER Regimiento 11  178   Noviembre/2023',11,0,1,1,NULL,'2023-12-01','2023-12-01'),(767,45,2023,2100,'GASTOS DE GESTION Noviembre/2023',11,0,0,1,NULL,'2023-12-01','2023-12-01'),(768,45,2023,3241,'Seguro Noviembre/2023',11,0,0,1,NULL,'2023-12-01','2023-12-01'),(769,45,2023,500,'Gastos Bancarios Noviembre/2023',11,0,0,1,NULL,'2023-12-01','2023-12-01'),(770,46,2023,66800,'ALQUILER Corrientes 1591 00 06 Noviembre/2023',11,0,1,1,NULL,'2023-12-01','2023-12-01'),(771,46,2023,2004,'GASTOS DE GESTION Noviembre/2023',11,0,0,1,NULL,'2023-12-01','2023-12-01'),(772,46,2023,6300,'Seguro Noviembre/2023',11,0,0,1,NULL,'2023-12-01','2023-12-01'),(773,46,2023,500,'Gastos Bancarios Noviembre/2023',11,0,0,1,NULL,'2023-12-01','2023-12-01'),(774,47,2023,17710,'ALQUILER La Paz 1138 00 03 Noviembre/2023',11,0,1,1,NULL,'2023-12-01','2023-12-01'),(775,47,2023,531.3,'GASTOS DE GESTION Noviembre/2023',11,0,0,1,NULL,'2023-12-01','2023-12-01'),(776,47,2023,3224,'Seguro Noviembre/2023',11,0,0,1,NULL,'2023-12-01','2023-12-01'),(777,47,2023,500,'Gastos Bancarios Noviembre/2023',11,0,0,1,NULL,'2023-12-01','2023-12-01'),(778,48,2023,26800,'ALQUILER Pj. Costarelli 5368 01  Noviembre/2023',11,0,1,1,NULL,'2023-12-01','2023-12-01'),(779,48,2023,804,'GASTOS DE GESTION Noviembre/2023',11,0,0,1,NULL,'2023-12-01','2023-12-01'),(780,48,2023,3224,'Seguro Noviembre/2023',11,0,0,1,NULL,'2023-12-01','2023-12-01'),(781,48,2023,500,'Gastos Bancarios Noviembre/2023',11,0,0,1,NULL,'2023-12-01','2023-12-01'),(782,49,2023,24700,'ALQUILER Caferatta 2033 03 03 Noviembre/2023',11,0,1,1,NULL,'2023-12-01','2023-12-01'),(783,49,2023,741,'GASTOS DE GESTION Noviembre/2023',11,0,0,1,NULL,'2023-12-01','2023-12-01'),(784,49,2023,3224,'Seguro Noviembre/2023',11,0,0,1,NULL,'2023-12-01','2023-12-01'),(785,49,2023,500,'Gastos Bancarios Noviembre/2023',11,0,0,1,NULL,'2023-12-01','2023-12-01'),(786,50,2023,26300,'ALQUILER Sarmiento 1247 03 07 Noviembre/2023',11,0,1,1,NULL,'2023-12-01','2023-12-01'),(787,50,2023,789,'GASTOS DE GESTION Noviembre/2023',11,0,0,1,NULL,'2023-12-01','2023-12-01'),(788,50,2023,3224,'Seguro Noviembre/2023',11,0,0,1,NULL,'2023-12-01','2023-12-01'),(789,50,2023,3224,'Seguro Noviembre/2023',11,0,0,1,NULL,'2023-12-01','2023-12-01'),(790,50,2023,3224,'Seguro Noviembre/2023',11,0,0,1,NULL,'2023-12-01','2023-12-01'),(791,50,2023,500,'Gastos Bancarios Noviembre/2023',11,0,0,1,NULL,'2023-12-01','2023-12-01'),(792,54,2023,4545,'ALQUILER Gaboto 3573 00 03 Noviembre/2023',11,0,1,1,NULL,'2023-12-01','2023-12-01'),(793,54,2023,136.35,'GASTOS DE GESTION Noviembre/2023',11,0,0,1,NULL,'2023-12-01','2023-12-01'),(794,54,2023,1200,'Expensas Noviembre/2023',11,0,0,1,NULL,'2023-12-01','2023-12-01'),(795,54,2023,3224,'Seguro Noviembre/2023',11,0,0,1,NULL,'2023-12-01','2023-12-01'),(796,57,2023,135000,'ALQUILER sarmiento 1247 07 02 Noviembre/2023',11,0,1,1,NULL,'2023-12-01','2023-12-01'),(797,57,2023,4050,'GASTOS DE GESTION Noviembre/2023',11,0,0,1,NULL,'2023-12-01','2023-12-01');
/*!40000 ALTER TABLE `debtclients` ENABLE KEYS */;
UNLOCK TABLES;

--
-- Table structure for table `debtowners`
--

DROP TABLE IF EXISTS `debtowners`;
/*!40101 SET @saved_cs_client     = @@character_set_client */;
/*!50503 SET character_set_client = utf8mb4 */;
CREATE TABLE `debtowners` (
  `id` bigint NOT NULL AUTO_INCREMENT,
  `ContractId` bigint NOT NULL,
  `year` int NOT NULL,
  `amount` float NOT NULL,
  `description` varchar(255) NOT NULL,
  `month` int NOT NULL,
  `paid` tinyint(1) NOT NULL DEFAULT '0',
  `rent` tinyint(1) NOT NULL DEFAULT '0',
  `debt` tinyint(1) NOT NULL DEFAULT '1',
  `paidDate` datetime DEFAULT NULL,
  `createdAt` date DEFAULT NULL,
  `updatedAt` date DEFAULT NULL,
  PRIMARY KEY (`id`),
  KEY `ContractId` (`ContractId`),
  CONSTRAINT `debtowners_ibfk_1` FOREIGN KEY (`ContractId`) REFERENCES `contracts` (`id`) ON DELETE CASCADE ON UPDATE CASCADE
) ENGINE=InnoDB AUTO_INCREMENT=8919241686517940423 DEFAULT CHARSET=utf8mb4 COLLATE=utf8mb4_0900_ai_ci;
/*!40101 SET character_set_client = @saved_cs_client */;

--
-- Dumping data for table `debtowners`
--

LOCK TABLES `debtowners` WRITE;
/*!40000 ALTER TABLE `debtowners` DISABLE KEYS */;
INSERT INTO `debtowners` (`id`, `ContractId`, `year`, `amount`, `description`, `month`, `paid`, `rent`, `debt`, `paidDate`, `createdAt`, `updatedAt`) VALUES (17,35,2023,23586,'ALQUILER Gaboto 3573 00 04 Mayo/2023',5,0,1,1,NULL,'2023-05-07','2023-05-07'),(18,35,2023,-235.86,'HONORARIOS Gaboto 3573 00 04 Mayo/2023',5,0,0,1,NULL,'2023-05-07','2023-05-07'),(19,54,2023,4010,'ALQUILER Gaboto 3573 00 03 Mayo/2023',5,0,1,1,NULL,'2023-05-07','2023-05-07'),(20,54,2023,600,'Expensas Mayo/2023',5,0,0,1,NULL,'2023-05-07','2023-05-07'),(21,32,2023,-227,'HONORARIOS Gaboto 3573 00 05 Mayo/2023',5,1,0,1,'2023-06-07 01:28:17','2023-05-07','2023-06-06'),(22,32,2023,600,'GAS Mayo/2023',5,0,0,1,NULL,'2023-05-07','2023-05-07'),(23,32,2023,490,'API Mayo/2023',5,0,0,1,NULL,'2023-05-07','2023-05-07'),(24,42,2023,900,'Compensación Mayo/2023',5,0,0,1,NULL,'2023-05-07','2023-05-07'),(25,15,2023,-492,'HONORARIOS Vera Mujica 2106   Mayo/2023',5,0,0,1,NULL,'2023-05-07','2023-05-07'),(26,35,2023,23586,'ALQUILER Gaboto 3573 00 04 Abril/2023',4,0,1,1,NULL,'2023-05-07','2023-05-07'),(27,35,2023,-235.86,'HONORARIOS Gaboto 3573 00 04 Abril/2023',4,0,0,1,NULL,'2023-05-07','2023-05-07'),(28,32,2023,22700,'ALQUILER Gaboto 3573 00 05 Abril/2023',4,0,1,1,NULL,'2023-05-07','2023-05-07'),(29,32,2023,-227,'HONORARIOS Gaboto 3573 00 05 Abril/2023',4,0,0,1,NULL,'2023-05-07','2023-05-07'),(30,32,2023,600,'GAS Abril/2023',4,0,0,1,NULL,'2023-05-07','2023-05-07'),(31,32,2023,500,'AGUAS Abril/2023',4,0,0,1,NULL,'2023-05-07','2023-05-07'),(32,32,2023,1900,'Seguro Abril/2023',4,0,0,1,NULL,'2023-05-07','2023-05-07'),(33,42,2023,50000,'ALQUILER Corrientes 1273 07 02 Abril/2023',4,0,1,1,NULL,'2023-05-07','2023-05-07'),(34,42,2023,-500,'HONORARIOS Corrientes 1273 07 02 Abril/2023',4,0,0,1,NULL,'2023-05-07','2023-05-07'),(35,42,2023,900,'Compensación Abril/2023',4,0,0,1,NULL,'2023-05-07','2023-05-07'),(36,15,2023,49200,'ALQUILER Vera Mujica 2106   Abril/2023',4,0,1,1,NULL,'2023-05-07','2023-05-07'),(37,15,2023,-492,'HONORARIOS Vera Mujica 2106   Abril/2023',4,0,0,1,NULL,'2023-05-07','2023-05-07'),(38,35,2023,23586,'ALQUILER Gaboto 3573 00 04 Febrero/2023',2,0,1,1,NULL,'2023-05-07','2023-05-07'),(39,35,2023,-235.86,'HONORARIOS Gaboto 3573 00 04 Febrero/2023',2,0,0,1,NULL,'2023-05-07','2023-05-07'),(40,32,2023,22700,'ALQUILER Gaboto 3573 00 05 Febrero/2023',2,0,1,1,NULL,'2023-05-07','2023-05-07'),(41,32,2023,-227,'HONORARIOS Gaboto 3573 00 05 Febrero/2023',2,0,0,1,NULL,'2023-05-07','2023-05-07'),(42,32,2023,600,'GAS Febrero/2023',2,0,0,1,NULL,'2023-05-07','2023-05-07'),(43,32,2023,500,'AGUAS Febrero/2023',2,0,0,1,NULL,'2023-05-07','2023-05-07'),(44,32,2023,1900,'Seguro Febrero/2023',2,0,0,1,NULL,'2023-05-07','2023-05-07'),(45,42,2023,50000,'ALQUILER Corrientes 1273 07 02 Febrero/2023',2,0,1,1,NULL,'2023-05-07','2023-05-07'),(46,42,2023,-500,'HONORARIOS Corrientes 1273 07 02 Febrero/2023',2,0,0,1,NULL,'2023-05-07','2023-05-07'),(47,42,2023,900,'Compensación Febrero/2023',2,0,0,1,NULL,'2023-05-07','2023-05-07'),(48,15,2023,49200,'ALQUILER Vera Mujica 2106   Febrero/2023',2,0,1,1,NULL,'2023-05-07','2023-05-07'),(49,15,2023,-492,'HONORARIOS Vera Mujica 2106   Febrero/2023',2,1,0,1,'2023-06-07 01:28:17','2023-05-07','2023-06-06'),(50,35,2023,23586,'ALQUILER Gaboto 3573 00 04 Junio/2023',6,1,1,1,'2023-06-07 01:28:17','2023-05-07','2023-06-06'),(51,35,2023,-235.86,'HONORARIOS Gaboto 3573 00 04 Junio/2023',6,1,0,1,'2023-06-07 01:28:17','2023-05-07','2023-06-06'),(52,54,2023,4010,'ALQUILER Gaboto 3573 00 03 Junio/2023',6,0,1,1,NULL,'2023-05-07','2023-05-07'),(53,54,2023,-40.1,'HONORARIOS Gaboto 3573 00 03 Junio/2023',6,0,0,1,NULL,'2023-05-07','2023-05-07'),(54,54,2023,500,'Seguro Junio/2023',6,1,0,1,'2023-06-07 01:28:17','2023-05-07','2023-06-06'),(55,54,2023,600,'Expensas Junio/2023',6,1,0,1,'2023-06-07 01:28:17','2023-05-07','2023-06-06'),(56,54,2023,1000,'LUZ Junio/2023',6,0,0,1,NULL,'2023-05-07','2023-05-07'),(57,54,2023,1500,'AGUAS Junio/2023',6,0,0,1,NULL,'2023-05-07','2023-05-07'),(58,54,2023,300,'TGI Junio/2023',6,0,0,1,NULL,'2023-05-07','2023-05-07'),(59,54,2023,1600,'Compensación Junio/2023',6,0,0,1,NULL,'2023-05-07','2023-05-07'),(60,32,2023,22700,'ALQUILER Gaboto 3573 00 05 Junio/2023',6,0,1,1,NULL,'2023-05-07','2023-05-07'),(61,32,2023,-227,'HONORARIOS Gaboto 3573 00 05 Junio/2023',6,0,0,1,NULL,'2023-05-07','2023-05-07'),(62,32,2023,600,'GAS Junio/2023',6,0,0,1,NULL,'2023-05-07','2023-05-07'),(63,32,2023,500,'AGUAS Junio/2023',6,0,0,1,NULL,'2023-05-07','2023-05-07'),(64,32,2023,1900,'Seguro Junio/2023',6,0,0,1,NULL,'2023-05-07','2023-05-07'),(65,42,2023,50000,'ALQUILER Corrientes 1273 07 02 Junio/2023',6,0,1,1,NULL,'2023-05-07','2023-05-07'),(66,42,2023,-500,'HONORARIOS Corrientes 1273 07 02 Junio/2023',6,0,0,1,NULL,'2023-05-07','2023-05-07'),(67,42,2023,900,'Compensación Junio/2023',6,0,0,1,NULL,'2023-05-07','2023-05-07'),(68,15,2023,49200,'ALQUILER Vera Mujica 2106   Junio/2023',6,1,1,1,'2023-06-07 01:28:17','2023-05-07','2023-06-06'),(69,15,2023,-492,'HONORARIOS Vera Mujica 2106   Junio/2023',6,1,0,1,'2023-06-07 01:28:17','2023-05-07','2023-06-06'),(70,16,2023,13440,'ALQUILER Ituzaingo 744 00 06 Abril/2023',4,0,1,1,NULL,'2023-05-07','2023-05-07'),(71,16,2023,-1344,'HONORARIOS Ituzaingo 744 00 06 Abril/2023',4,0,0,1,NULL,'2023-05-07','2023-05-07'),(72,49,2023,24700,'ALQUILER Caferatta 2033 03 03 Abril/2023',4,0,1,1,NULL,'2023-05-07','2023-05-07'),(73,49,2023,-2470,'HONORARIOS Caferatta 2033 03 03 Abril/2023',4,0,0,1,NULL,'2023-05-07','2023-05-07'),(74,8,2023,25800,'ALQUILER Gaboto 1821 04 02 Abril/2023',4,0,1,1,NULL,'2023-05-07','2023-05-07'),(75,8,2023,-2580,'HONORARIOS Gaboto 1821 04 02 Abril/2023',4,0,0,1,NULL,'2023-05-07','2023-05-07'),(76,10,2023,27830,'ALQUILER Cerrito 553 02 03 Abril/2023',4,0,1,1,NULL,'2023-05-07','2023-05-07'),(77,10,2023,-2783,'HONORARIOS Cerrito 553 02 03 Abril/2023',4,0,0,1,NULL,'2023-05-07','2023-05-07'),(78,9,2023,21800,'ALQUILER Gaboto 1875 06 04 Abril/2023',4,0,1,1,NULL,'2023-05-07','2023-05-07'),(79,9,2023,-2180,'HONORARIOS Gaboto 1875 06 04 Abril/2023',4,0,0,1,NULL,'2023-05-07','2023-05-07'),(80,23,2023,65100,'ALQUILER Maipu  1431 02 01 Abril/2023',4,0,1,1,NULL,'2023-05-07','2023-05-07'),(81,23,2023,-6510,'HONORARIOS Maipu  1431 02 01 Abril/2023',4,0,0,1,NULL,'2023-05-07','2023-05-07'),(82,39,2023,18500,'ALQUILER Mitre 2458 02 03 Abril/2023',4,0,1,1,NULL,'2023-05-07','2023-05-07'),(83,39,2023,-1850,'HONORARIOS Mitre 2458 02 03 Abril/2023',4,0,0,1,NULL,'2023-05-07','2023-05-07'),(84,12,2023,30193,'ALQUILER San Lorenzo 863 03 02 Abril/2023',4,0,1,1,NULL,'2023-05-07','2023-05-07'),(85,12,2023,-3019.3,'HONORARIOS San Lorenzo 863 03 02 Abril/2023',4,0,0,1,NULL,'2023-05-07','2023-05-07'),(86,17,2023,19800,'ALQUILER Gaboto 1821 01 02 Abril/2023',4,0,1,1,NULL,'2023-05-07','2023-05-07'),(87,17,2023,-1980,'HONORARIOS Gaboto 1821 01 02 Abril/2023',4,0,0,1,NULL,'2023-05-07','2023-05-07'),(88,17,2023,1021,'Aguas Abril/2023',4,0,0,1,NULL,'2023-05-07','2023-05-07'),(89,17,2023,1312,'Tgi Abril/2023',4,0,0,1,NULL,'2023-05-07','2023-05-07'),(90,44,2023,13290,'ALQUILER sarmiento 1247 07 02 Abril/2023',4,0,1,1,NULL,'2023-05-07','2023-05-07'),(91,44,2023,-1329,'HONORARIOS sarmiento 1247 07 02 Abril/2023',4,0,0,1,NULL,'2023-05-07','2023-05-07'),(92,3,2023,24278,'ALQUILER San Martin 1421 01 04 Abril/2023',4,0,1,1,NULL,'2023-05-07','2023-05-07'),(93,3,2023,-2427.8,'HONORARIOS San Martin 1421 01 04 Abril/2023',4,0,0,1,NULL,'2023-05-07','2023-05-07'),(94,21,2023,12555,'ALQUILER Sarmiento 1247 02 05 Abril/2023',4,0,1,1,NULL,'2023-05-07','2023-08-11'),(95,21,2023,-1250,'HONORARIOS Sarmiento 1247 02 05 Abril/2023',4,0,0,1,NULL,'2023-05-07','2023-05-07'),(96,31,2023,32038,'ALQUILER Mitre 757 08 06 Abril/2023',4,0,1,1,NULL,'2023-05-07','2023-05-07'),(97,31,2023,-3203.8,'HONORARIOS Mitre 757 08 06 Abril/2023',4,0,0,1,NULL,'2023-05-07','2023-05-07'),(98,2,2023,36200,'ALQUILER 1º de Mayo 2551 05 02 Abril/2023',4,0,1,1,NULL,'2023-05-07','2023-05-07'),(99,2,2023,-3620,'HONORARIOS 1º de Mayo 2551 05 02 Abril/2023',4,0,0,1,NULL,'2023-05-07','2023-05-07'),(100,24,2023,44623,'ALQUILER 3 de Febrero  2289 01 04 Abril/2023',4,1,1,1,'2023-06-12 15:33:43','2023-05-07','2023-06-12'),(101,24,2023,-3569.84,'HONORARIOS 3 de Febrero  2289 01 04 Abril/2023',4,1,0,1,'2023-06-12 15:27:28','2023-05-07','2023-06-12'),(102,20,2023,22644,'ALQUILER Necochea 1334 05 02 Abril/2023',4,1,1,1,'2023-06-11 21:10:41','2023-05-07','2023-06-11'),(103,20,2023,-1811.52,'HONORARIOS Necochea 1334 05 02 Abril/2023',4,1,0,1,'2023-06-11 21:10:41','2023-05-07','2023-06-11'),(104,1,2023,12500,'ALQUILER Necochea 1334 01 03 Abril/2023',4,1,1,1,'2023-06-11 21:10:41','2023-05-07','2023-06-11'),(105,1,2023,-100,'HONORARIOS Necochea 1334 01 03 Abril/2023',4,1,0,1,'2023-06-11 21:10:41','2023-05-07','2023-08-11'),(106,25,2023,22350,'ALQUILER COLON 1256 04 05 Abril/2023',4,1,1,1,'2023-06-11 20:59:40','2023-05-07','2023-06-11'),(107,25,2023,-1788,'HONORARIOS COLON 1256 04 05 Abril/2023',4,1,0,1,'2023-06-11 20:59:40','2023-05-07','2023-06-11'),(108,41,2023,56000,'ALQUILER Zeballos 867 08 03 Abril/2023',4,0,1,1,NULL,'2023-05-07','2023-05-07'),(109,41,2023,-4480,'HONORARIOS Zeballos 867 08 03 Abril/2023',4,0,0,1,NULL,'2023-05-07','2023-05-07'),(110,18,2023,35841,'ALQUILER san lorenzo 863 04 02 Abril/2023',4,0,1,1,NULL,'2023-05-07','2023-05-07'),(111,18,2023,-3584.1,'HONORARIOS san lorenzo 863 04 02 Abril/2023',4,0,0,1,NULL,'2023-05-07','2023-05-07'),(112,43,2023,13800,'ALQUILER Sarmiento 1247 06 07 Abril/2023',4,0,1,1,NULL,'2023-05-07','2023-05-07'),(113,43,2023,-1380,'HONORARIOS Sarmiento 1247 06 07 Abril/2023',4,0,0,1,NULL,'2023-05-07','2023-05-07'),(114,6,2023,22404,'ALQUILER Buenos Aires 880 01 04 Abril/2023',4,0,1,1,NULL,'2023-05-07','2023-05-07'),(115,6,2023,-2240.4,'HONORARIOS Buenos Aires 880 01 04 Abril/2023',4,0,0,1,NULL,'2023-05-07','2023-05-07'),(116,26,2023,36800,'ALQUILER Sarmiento  1247 01 02 Abril/2023',4,0,1,1,NULL,'2023-05-07','2023-05-07'),(117,26,2023,-3680,'HONORARIOS Sarmiento  1247 01 02 Abril/2023',4,0,0,1,NULL,'2023-05-07','2023-05-07'),(118,26,2023,2054,'Tgi Abril/2023',4,0,0,1,NULL,'2023-05-07','2023-05-07'),(119,26,2023,2190,'Aguas Abril/2023',4,0,0,1,NULL,'2023-05-07','2023-05-07'),(120,26,2023,453,'Api Abril/2023',4,0,0,1,NULL,'2023-05-07','2023-05-07'),(121,27,2023,44010,'ALQUILER Riobamba 40 bi 01 02 Abril/2023',4,0,1,1,NULL,'2023-05-07','2023-05-07'),(122,27,2023,-4401,'HONORARIOS Riobamba 40 bi 01 02 Abril/2023',4,0,0,1,NULL,'2023-05-07','2023-05-07'),(123,27,2023,1914,'Tgi Abril/2023',4,0,0,1,NULL,'2023-05-07','2023-05-07'),(124,27,2023,1853,'Aguas Abril/2023',4,0,0,1,NULL,'2023-05-07','2023-05-07'),(125,27,2023,305,'Api Abril/2023',4,0,0,1,NULL,'2023-05-07','2023-05-07'),(126,47,2023,17710,'ALQUILER La Paz 1138 00 03 Abril/2023',4,0,1,1,NULL,'2023-05-07','2023-05-07'),(127,47,2023,-1771,'HONORARIOS La Paz 1138 00 03 Abril/2023',4,0,0,1,NULL,'2023-05-07','2023-05-07'),(128,48,2023,26800,'ALQUILER Pj. Costarelli 5368 01  Abril/2023',4,0,1,1,NULL,'2023-05-07','2023-05-07'),(129,48,2023,-2680,'HONORARIOS Pj. Costarelli 5368 01  Abril/2023',4,0,0,1,NULL,'2023-05-07','2023-05-07'),(130,45,2023,70000,'ALQUILER Regimiento 11  178   Abril/2023',4,0,1,1,NULL,'2023-05-07','2023-05-07'),(131,45,2023,-7000,'HONORARIOS Regimiento 11  178   Abril/2023',4,0,0,1,NULL,'2023-05-07','2023-05-07'),(132,46,2023,66800,'ALQUILER Corrientes 1591 00 06 Abril/2023',4,0,1,1,NULL,'2023-05-07','2023-05-07'),(133,46,2023,-6680,'HONORARIOS Corrientes 1591 00 06 Abril/2023',4,0,0,1,NULL,'2023-05-07','2023-05-07'),(134,19,2023,2525,'ALQUILER Sarmiento 1247 08 03 Abril/2023',4,0,1,1,NULL,'2023-05-07','2023-05-07'),(135,19,2023,-252.5,'HONORARIOS Sarmiento 1247 08 03 Abril/2023',4,0,0,1,NULL,'2023-05-07','2023-05-07'),(136,22,2023,36036,'ALQUILER Buenos Aires 1659 00 03 Abril/2023',4,0,1,1,NULL,'2023-05-07','2023-05-07'),(137,22,2023,-3603.6,'HONORARIOS Buenos Aires 1659 00 03 Abril/2023',4,0,0,1,NULL,'2023-05-07','2023-05-07'),(138,5,2023,15092,'ALQUILER Sarmiento 1247 07 04 Abril/2023',4,0,1,1,NULL,'2023-05-07','2023-05-07'),(139,5,2023,-1509.2,'HONORARIOS Sarmiento 1247 07 04 Abril/2023',4,0,0,1,NULL,'2023-05-07','2023-05-07'),(140,28,2023,59600,'ALQUILER Urquiza  1949 13 04 Abril/2023',4,0,1,1,NULL,'2023-05-07','2023-05-07'),(141,28,2023,-5960,'HONORARIOS Urquiza  1949 13 04 Abril/2023',4,0,0,1,NULL,'2023-05-07','2023-05-07'),(142,30,2023,52050,'ALQUILER Urquiza 1949 07 06 Abril/2023',4,0,1,1,NULL,'2023-05-07','2023-05-07'),(143,30,2023,-5205,'HONORARIOS Urquiza 1949 07 06 Abril/2023',4,0,0,1,NULL,'2023-05-07','2023-05-07'),(144,29,2023,22000,'ALQUILER Sarmiento 1247 06 08 Abril/2023',4,0,1,1,NULL,'2023-05-07','2023-05-07'),(145,29,2023,-2200,'HONORARIOS Sarmiento 1247 06 08 Abril/2023',4,0,0,1,NULL,'2023-05-07','2023-05-07'),(146,40,2023,30960,'ALQUILER Cda. Ricardone 1376 04 02 Abril/2023',4,0,1,1,NULL,'2023-05-07','2023-05-07'),(147,40,2023,-3096,'HONORARIOS Cda. Ricardone 1376 04 02 Abril/2023',4,0,0,1,NULL,'2023-05-07','2023-05-07'),(148,50,2023,26300,'ALQUILER Sarmiento 1247 03 07 Abril/2023',4,1,1,1,'2023-05-11 22:19:22','2023-05-07','2023-05-11'),(149,50,2023,-2630,'HONORARIOS Sarmiento 1247 03 07 Abril/2023',4,1,0,1,'2023-05-11 22:19:22','2023-05-07','2023-05-11'),(150,4,2023,11515,'ALQUILER 3 de Febrero  1366 01 04 Abril/2023',4,1,1,1,'2023-06-07 01:26:56','2023-05-07','2023-06-06'),(151,4,2023,-1151.5,'HONORARIOS 3 de Febrero  1366 01 04 Abril/2023',4,1,0,1,'2023-06-07 01:26:56','2023-05-07','2023-06-06'),(152,16,2023,13440,'ALQUILER Ituzaingo 744 00 06 Mayo/2023',5,0,1,1,NULL,'2023-06-01','2023-06-01'),(153,16,2023,-1344,'HONORARIOS Ituzaingo 744 00 06 Mayo/2023',5,0,0,1,NULL,'2023-06-01','2023-06-01'),(154,49,2023,24700,'ALQUILER Caferatta 2033 03 03 Mayo/2023',5,0,1,1,NULL,'2023-06-01','2023-06-01'),(155,49,2023,-2470,'HONORARIOS Caferatta 2033 03 03 Mayo/2023',5,0,0,1,NULL,'2023-06-01','2023-06-01'),(156,8,2023,25800,'ALQUILER Gaboto 1821 04 02 Mayo/2023',5,0,1,1,NULL,'2023-06-01','2023-06-01'),(157,8,2023,-2580,'HONORARIOS Gaboto 1821 04 02 Mayo/2023',5,0,0,1,NULL,'2023-06-01','2023-06-01'),(158,10,2023,27830,'ALQUILER Cerrito 553 02 03 Mayo/2023',5,0,1,1,NULL,'2023-06-01','2023-06-01'),(159,10,2023,-2783,'HONORARIOS Cerrito 553 02 03 Mayo/2023',5,0,0,1,NULL,'2023-06-01','2023-06-01'),(160,9,2023,21800,'ALQUILER Gaboto 1875 06 04 Mayo/2023',5,0,1,1,NULL,'2023-06-01','2023-06-01'),(161,9,2023,-2180,'HONORARIOS Gaboto 1875 06 04 Mayo/2023',5,0,0,1,NULL,'2023-06-01','2023-06-01'),(162,23,2023,65100,'ALQUILER Maipu  1431 02 01 Mayo/2023',5,0,1,1,NULL,'2023-06-01','2023-06-01'),(163,23,2023,-6510,'HONORARIOS Maipu  1431 02 01 Mayo/2023',5,0,0,1,NULL,'2023-06-01','2023-06-01'),(164,39,2023,18500,'ALQUILER Mitre 2458 02 03 Mayo/2023',5,0,1,1,NULL,'2023-06-01','2023-06-01'),(165,39,2023,-1850,'HONORARIOS Mitre 2458 02 03 Mayo/2023',5,0,0,1,NULL,'2023-06-01','2023-06-01'),(166,12,2023,30193,'ALQUILER San Lorenzo 863 03 02 Mayo/2023',5,0,1,1,NULL,'2023-06-01','2023-06-01'),(167,12,2023,-3019.3,'HONORARIOS San Lorenzo 863 03 02 Mayo/2023',5,0,0,1,NULL,'2023-06-01','2023-06-01'),(168,17,2023,19800,'ALQUILER Gaboto 1821 01 02 Mayo/2023',5,0,1,1,NULL,'2023-06-01','2023-06-01'),(169,17,2023,-1980,'HONORARIOS Gaboto 1821 01 02 Mayo/2023',5,0,0,1,NULL,'2023-06-01','2023-06-01'),(170,17,2023,1021,'Aguas Mayo/2023',5,0,0,1,NULL,'2023-06-01','2023-06-01'),(171,17,2023,1312,'Tgi Mayo/2023',5,0,0,1,NULL,'2023-06-01','2023-06-01'),(172,44,2023,13290,'ALQUILER sarmiento 1247 07 02 Mayo/2023',5,0,1,1,NULL,'2023-06-01','2023-06-01'),(173,44,2023,-1329,'HONORARIOS sarmiento 1247 07 02 Mayo/2023',5,0,0,1,NULL,'2023-06-01','2023-06-01'),(174,3,2023,24278,'ALQUILER San Martin 1421 01 04 Mayo/2023',5,0,1,1,NULL,'2023-06-01','2023-06-01'),(175,3,2023,-2427.8,'HONORARIOS San Martin 1421 01 04 Mayo/2023',5,0,0,1,NULL,'2023-06-01','2023-06-01'),(176,21,2023,12500,'ALQUILER Sarmiento 1247 02 05 Mayo/2023',5,0,1,1,NULL,'2023-06-01','2023-06-01'),(177,21,2023,-1250,'HONORARIOS Sarmiento 1247 02 05 Mayo/2023',5,0,0,1,NULL,'2023-06-01','2023-06-01'),(178,31,2023,32038,'ALQUILER Mitre 757 08 06 Mayo/2023',5,0,1,1,NULL,'2023-06-01','2023-06-01'),(179,31,2023,-3203.8,'HONORARIOS Mitre 757 08 06 Mayo/2023',5,0,0,1,NULL,'2023-06-01','2023-06-01'),(180,2,2023,36200,'ALQUILER 1º de Mayo 2551 05 02 Mayo/2023',5,0,1,1,NULL,'2023-06-01','2023-06-01'),(181,2,2023,-3620,'HONORARIOS 1º de Mayo 2551 05 02 Mayo/2023',5,0,0,1,NULL,'2023-06-01','2023-06-01'),(182,24,2023,44623,'ALQUILER 3 de Febrero  2289 01 04 Mayo/2023',5,1,1,1,'2023-06-12 15:34:27','2023-06-01','2023-06-12'),(183,24,2023,-3569.84,'HONORARIOS 3 de Febrero  2289 01 04 Mayo/2023',5,0,0,1,NULL,'2023-06-01','2023-06-11'),(184,20,2023,22644,'ALQUILER Necochea 1334 05 02 Mayo/2023',5,1,1,1,'2023-06-11 21:10:41','2023-06-01','2023-06-11'),(185,20,2023,-1811.52,'HONORARIOS Necochea 1334 05 02 Mayo/2023',5,1,0,1,'2023-06-11 21:10:41','2023-06-01','2023-06-11'),(186,1,2023,12500,'ALQUILER Necochea 1334 01 03 Mayo/2023',5,1,1,1,'2023-06-11 21:10:41','2023-06-01','2023-06-11'),(187,1,2023,-1000,'HONORARIOS Necochea 1334 01 03 Mayo/2023',5,1,0,1,'2023-06-11 21:10:41','2023-06-01','2023-06-11'),(188,25,2023,22350,'ALQUILER COLON 1256 04 05 Mayo/2023',5,1,1,1,'2023-06-11 20:59:40','2023-06-01','2023-06-11'),(189,25,2023,-1788,'HONORARIOS COLON 1256 04 05 Mayo/2023',5,1,0,1,'2023-06-11 20:59:40','2023-06-01','2023-06-11'),(190,41,2023,56000,'ALQUILER Zeballos 867 08 03 Mayo/2023',5,0,1,1,NULL,'2023-06-01','2023-06-01'),(191,41,2023,-4480,'HONORARIOS Zeballos 867 08 03 Mayo/2023',5,0,0,1,NULL,'2023-06-01','2023-06-01'),(192,18,2023,35841,'ALQUILER san lorenzo 863 04 02 Mayo/2023',5,0,1,1,NULL,'2023-06-01','2023-06-01'),(193,18,2023,-3584.1,'HONORARIOS san lorenzo 863 04 02 Mayo/2023',5,0,0,1,NULL,'2023-06-01','2023-06-01'),(194,43,2023,13800,'ALQUILER Sarmiento 1247 06 07 Mayo/2023',5,0,1,1,NULL,'2023-06-01','2023-06-01'),(195,43,2023,-1380,'HONORARIOS Sarmiento 1247 06 07 Mayo/2023',5,0,0,1,NULL,'2023-06-01','2023-06-01'),(196,6,2023,22404,'ALQUILER Buenos Aires 880 01 04 Mayo/2023',5,0,1,1,NULL,'2023-06-01','2023-06-01'),(197,6,2023,-2240.4,'HONORARIOS Buenos Aires 880 01 04 Mayo/2023',5,0,0,1,NULL,'2023-06-01','2023-06-01'),(198,26,2023,36800,'ALQUILER Sarmiento  1247 01 02 Mayo/2023',5,0,1,1,NULL,'2023-06-01','2023-06-01'),(199,26,2023,-3680,'HONORARIOS Sarmiento  1247 01 02 Mayo/2023',5,0,0,1,NULL,'2023-06-01','2023-06-01'),(200,26,2023,2054,'Tgi Mayo/2023',5,0,0,1,NULL,'2023-06-01','2023-06-01'),(201,26,2023,2190,'Aguas Mayo/2023',5,0,0,1,NULL,'2023-06-01','2023-06-01'),(202,26,2023,453,'Api Mayo/2023',5,0,0,1,NULL,'2023-06-01','2023-06-01'),(203,27,2023,44010,'ALQUILER Riobamba 40 bi 01 02 Mayo/2023',5,0,1,1,NULL,'2023-06-01','2023-06-01'),(204,27,2023,-4401,'HONORARIOS Riobamba 40 bi 01 02 Mayo/2023',5,0,0,1,NULL,'2023-06-01','2023-06-01'),(205,27,2023,1914,'Tgi Mayo/2023',5,0,0,1,NULL,'2023-06-01','2023-06-01'),(206,27,2023,1853,'Aguas Mayo/2023',5,0,0,1,NULL,'2023-06-01','2023-06-01'),(207,27,2023,305,'Api Mayo/2023',5,0,0,1,NULL,'2023-06-01','2023-06-01'),(208,47,2023,17710,'ALQUILER La Paz 1138 00 03 Mayo/2023',5,0,1,1,NULL,'2023-06-01','2023-06-01'),(209,47,2023,-1771,'HONORARIOS La Paz 1138 00 03 Mayo/2023',5,0,0,1,NULL,'2023-06-01','2023-06-01'),(210,13,2023,0,'ALQUILER Pellegrini 1068 01 03 Mayo/2023',5,0,1,1,NULL,'2023-06-01','2023-06-01'),(211,13,2023,0,'HONORARIOS Pellegrini 1068 01 03 Mayo/2023',5,0,0,1,NULL,'2023-06-01','2023-06-01'),(212,11,2023,38800,'ALQUILER Sarmiento 1247 00 03 Mayo/2023',5,0,1,1,NULL,'2023-06-01','2023-06-01'),(213,11,2023,-3880,'HONORARIOS Sarmiento 1247 00 03 Mayo/2023',5,0,0,1,NULL,'2023-06-01','2023-06-01'),(214,48,2023,26800,'ALQUILER Pj. Costarelli 5368 01  Mayo/2023',5,0,1,1,NULL,'2023-06-01','2023-06-01'),(215,48,2023,-2680,'HONORARIOS Pj. Costarelli 5368 01  Mayo/2023',5,0,0,1,NULL,'2023-06-01','2023-06-01'),(216,45,2023,70000,'ALQUILER Regimiento 11  178   Mayo/2023',5,0,1,1,NULL,'2023-06-01','2023-06-01'),(217,45,2023,-7000,'HONORARIOS Regimiento 11  178   Mayo/2023',5,0,0,1,NULL,'2023-06-01','2023-06-01'),(218,46,2023,66800,'ALQUILER Corrientes 1591 00 06 Mayo/2023',5,0,1,1,NULL,'2023-06-01','2023-06-01'),(219,46,2023,-6680,'HONORARIOS Corrientes 1591 00 06 Mayo/2023',5,0,0,1,NULL,'2023-06-01','2023-06-01'),(220,19,2023,2525,'ALQUILER Sarmiento 1247 08 03 Mayo/2023',5,0,1,1,NULL,'2023-06-01','2023-06-01'),(221,19,2023,-252.5,'HONORARIOS Sarmiento 1247 08 03 Mayo/2023',5,0,0,1,NULL,'2023-06-01','2023-06-01'),(222,22,2023,36036,'ALQUILER Buenos Aires 1659 00 03 Mayo/2023',5,0,1,1,NULL,'2023-06-01','2023-06-01'),(223,22,2023,-3603.6,'HONORARIOS Buenos Aires 1659 00 03 Mayo/2023',5,0,0,1,NULL,'2023-06-01','2023-06-01'),(224,5,2023,15092,'ALQUILER Sarmiento 1247 07 04 Mayo/2023',5,0,1,1,NULL,'2023-06-01','2023-06-01'),(225,5,2023,-1509.2,'HONORARIOS Sarmiento 1247 07 04 Mayo/2023',5,0,0,1,NULL,'2023-06-01','2023-06-01'),(226,28,2023,59600,'ALQUILER Urquiza  1949 13 04 Mayo/2023',5,0,1,1,NULL,'2023-06-01','2023-06-01'),(227,28,2023,-5960,'HONORARIOS Urquiza  1949 13 04 Mayo/2023',5,0,0,1,NULL,'2023-06-01','2023-06-01'),(228,30,2023,52050,'ALQUILER Urquiza 1949 07 06 Mayo/2023',5,0,1,1,NULL,'2023-06-01','2023-06-01'),(229,30,2023,-5205,'HONORARIOS Urquiza 1949 07 06 Mayo/2023',5,0,0,1,NULL,'2023-06-01','2023-06-01'),(230,29,2023,22000,'ALQUILER Sarmiento 1247 06 08 Mayo/2023',5,0,1,1,NULL,'2023-06-01','2023-06-01'),(231,29,2023,-2200,'HONORARIOS Sarmiento 1247 06 08 Mayo/2023',5,0,0,1,NULL,'2023-06-01','2023-06-01'),(232,40,2023,30960,'ALQUILER Cda. Ricardone 1376 04 02 Mayo/2023',5,0,1,1,NULL,'2023-06-01','2023-06-01'),(233,40,2023,-3096,'HONORARIOS Cda. Ricardone 1376 04 02 Mayo/2023',5,0,0,1,NULL,'2023-06-01','2023-06-01'),(234,50,2023,0,'LUZ Mayo/2023',5,0,0,1,NULL,'2023-06-01','2023-06-01'),(235,4,2023,11515,'ALQUILER 3 de Febrero  1366 01 04 Mayo/2023',5,1,1,1,'2023-06-07 01:26:56','2023-06-01','2023-06-06'),(236,4,2023,-1151.5,'HONORARIOS 3 de Febrero  1366 01 04 Mayo/2023',5,1,0,1,'2023-06-07 01:26:56','2023-06-01','2023-06-06'),(8919241686517940225,16,2023,13440,'ALQUILER Ituzaingo 744 00 06 Julio/2023',7,0,1,1,NULL,'2023-08-26','2023-08-26'),(8919241686517940226,16,2023,-1344,'HONORARIOS Ituzaingo 744 00 06 Julio/2023',7,0,0,1,NULL,'2023-08-26','2023-08-26'),(8919241686517940227,49,2023,24700,'ALQUILER Caferatta 2033 03 03 Julio/2023',7,0,1,1,NULL,'2023-08-26','2023-08-26'),(8919241686517940228,49,2023,-2470,'HONORARIOS Caferatta 2033 03 03 Julio/2023',7,0,0,1,NULL,'2023-08-26','2023-08-26'),(8919241686517940229,8,2023,25800,'ALQUILER Gaboto 1821 04 02 Julio/2023',7,0,1,1,NULL,'2023-08-26','2023-08-26'),(8919241686517940230,8,2023,-2580,'HONORARIOS Gaboto 1821 04 02 Julio/2023',7,0,0,1,NULL,'2023-08-26','2023-08-26'),(8919241686517940231,10,2023,27830,'ALQUILER Cerrito 553 02 03 Julio/2023',7,0,1,1,NULL,'2023-08-26','2023-08-26'),(8919241686517940232,10,2023,-2783,'HONORARIOS Cerrito 553 02 03 Julio/2023',7,0,0,1,NULL,'2023-08-26','2023-08-26'),(8919241686517940233,9,2023,21800,'ALQUILER Gaboto 1875 06 04 Julio/2023',7,0,1,1,NULL,'2023-08-26','2023-08-26'),(8919241686517940234,9,2023,-2180,'HONORARIOS Gaboto 1875 06 04 Julio/2023',7,0,0,1,NULL,'2023-08-26','2023-08-26'),(8919241686517940235,23,2023,65100,'ALQUILER Maipu  1431 02 01 Julio/2023',7,0,1,1,NULL,'2023-08-26','2023-08-26'),(8919241686517940236,23,2023,-6510,'HONORARIOS Maipu  1431 02 01 Julio/2023',7,0,0,1,NULL,'2023-08-26','2023-08-26'),(8919241686517940237,39,2023,18500,'ALQUILER Mitre 2458 02 03 Julio/2023',7,0,1,1,NULL,'2023-08-26','2023-08-26'),(8919241686517940238,39,2023,-1850,'HONORARIOS Mitre 2458 02 03 Julio/2023',7,0,0,1,NULL,'2023-08-26','2023-08-26'),(8919241686517940239,17,2023,19800,'ALQUILER Gaboto 1821 01 02 Julio/2023',7,0,1,1,NULL,'2023-08-26','2023-08-26'),(8919241686517940240,17,2023,-1980,'HONORARIOS Gaboto 1821 01 02 Julio/2023',7,0,0,1,NULL,'2023-08-26','2023-08-26'),(8919241686517940241,17,2023,1021,'Aguas Julio/2023',7,0,0,1,NULL,'2023-08-26','2023-08-26'),(8919241686517940242,17,2023,1312,'Tgi Julio/2023',7,0,0,1,NULL,'2023-08-26','2023-08-26'),(8919241686517940243,44,2023,42500,'ALQUILER sarmiento 1247 07 02 Julio/2023',7,0,1,1,NULL,'2023-08-26','2023-08-26'),(8919241686517940244,44,2023,-4250,'HONORARIOS sarmiento 1247 07 02 Julio/2023',7,0,0,1,NULL,'2023-08-26','2023-08-26'),(8919241686517940245,3,2023,24278,'ALQUILER San Martin 1421 01 04 Julio/2023',7,0,1,1,NULL,'2023-08-26','2023-08-26'),(8919241686517940246,3,2023,-2427.8,'HONORARIOS San Martin 1421 01 04 Julio/2023',7,0,0,1,NULL,'2023-08-26','2023-08-26'),(8919241686517940247,21,2023,12500,'ALQUILER Sarmiento 1247 02 05 Julio/2023',7,0,1,1,NULL,'2023-08-26','2023-08-26'),(8919241686517940248,21,2023,-1250,'HONORARIOS Sarmiento 1247 02 05 Julio/2023',7,0,0,1,NULL,'2023-08-26','2023-08-26'),(8919241686517940249,31,2023,32038,'ALQUILER Mitre 757 08 06 Julio/2023',7,0,1,1,NULL,'2023-08-26','2023-08-26'),(8919241686517940250,31,2023,-3203.8,'HONORARIOS Mitre 757 08 06 Julio/2023',7,0,0,1,NULL,'2023-08-26','2023-08-26'),(8919241686517940251,35,2023,23586,'ALQUILER Gaboto 3573 00 04 Julio/2023',7,0,1,1,NULL,'2023-08-26','2023-08-26'),(8919241686517940252,35,2023,-235.86,'HONORARIOS Gaboto 3573 00 04 Julio/2023',7,0,0,1,NULL,'2023-08-26','2023-08-26'),(8919241686517940253,32,2023,22700,'ALQUILER Gaboto 3573 00 05 Julio/2023',7,0,1,1,NULL,'2023-08-26','2023-08-26'),(8919241686517940254,32,2023,-227,'HONORARIOS Gaboto 3573 00 05 Julio/2023',7,0,0,1,NULL,'2023-08-26','2023-08-26'),(8919241686517940255,32,2023,600,'GAS Julio/2023',7,0,0,1,NULL,'2023-08-26','2023-08-26'),(8919241686517940256,32,2023,490,'API Julio/2023',7,0,0,1,NULL,'2023-08-26','2023-08-26'),(8919241686517940257,32,2023,1900,'Seguro Julio/2023',7,0,0,1,NULL,'2023-08-26','2023-08-26'),(8919241686517940258,42,2023,50000,'ALQUILER Corrientes 1273 07 02 Julio/2023',7,0,1,1,NULL,'2023-08-26','2023-08-26'),(8919241686517940259,42,2023,-500,'HONORARIOS Corrientes 1273 07 02 Julio/2023',7,0,0,1,NULL,'2023-08-26','2023-08-26'),(8919241686517940260,42,2023,900,'Compensación Julio/2023',7,0,0,1,NULL,'2023-08-26','2023-08-26'),(8919241686517940261,15,2023,49200,'ALQUILER Vera Mujica 2106   Julio/2023',7,0,1,1,NULL,'2023-08-26','2023-08-26'),(8919241686517940262,15,2023,-492,'HONORARIOS Vera Mujica 2106   Julio/2023',7,0,0,1,NULL,'2023-08-26','2023-08-26'),(8919241686517940263,2,2023,36200,'ALQUILER 1º de Mayo 2551 05 02 Julio/2023',7,0,1,1,NULL,'2023-08-26','2023-08-26'),(8919241686517940264,2,2023,-3620,'HONORARIOS 1º de Mayo 2551 05 02 Julio/2023',7,0,0,1,NULL,'2023-08-26','2023-08-26'),(8919241686517940265,24,2023,44623,'ALQUILER 3 de Febrero  2289 01 04 Julio/2023',7,0,1,1,NULL,'2023-08-26','2023-08-26'),(8919241686517940266,24,2023,-3569.84,'HONORARIOS 3 de Febrero  2289 01 04 Julio/2023',7,0,0,1,NULL,'2023-08-26','2023-08-26'),(8919241686517940267,20,2023,22644,'ALQUILER Necochea 1334 05 02 Julio/2023',7,0,1,1,NULL,'2023-08-26','2023-08-26'),(8919241686517940268,20,2023,-1811.52,'HONORARIOS Necochea 1334 05 02 Julio/2023',7,0,0,1,NULL,'2023-08-26','2023-08-26'),(8919241686517940269,1,2023,12500,'ALQUILER Necochea 1334 01 03 Julio/2023',7,0,1,1,NULL,'2023-08-26','2023-08-26'),(8919241686517940270,1,2023,-1000,'HONORARIOS Necochea 1334 01 03 Julio/2023',7,0,0,1,NULL,'2023-08-26','2023-08-26'),(8919241686517940271,25,2023,22350,'ALQUILER COLON 1256 04 05 Julio/2023',7,0,1,1,NULL,'2023-08-26','2023-08-26'),(8919241686517940272,25,2023,-1788,'HONORARIOS COLON 1256 04 05 Julio/2023',7,0,0,1,NULL,'2023-08-26','2023-08-26'),(8919241686517940273,41,2023,56000,'ALQUILER Zeballos 867 08 03 Julio/2023',7,0,1,1,NULL,'2023-08-26','2023-08-26'),(8919241686517940274,41,2023,-4480,'HONORARIOS Zeballos 867 08 03 Julio/2023',7,0,0,1,NULL,'2023-08-26','2023-08-26'),(8919241686517940275,18,2023,35841,'ALQUILER san lorenzo 863 04 02 Julio/2023',7,0,1,1,NULL,'2023-08-26','2023-08-26'),(8919241686517940276,18,2023,-3584.1,'HONORARIOS san lorenzo 863 04 02 Julio/2023',7,0,0,1,NULL,'2023-08-26','2023-08-26'),(8919241686517940277,43,2023,13800,'ALQUILER Sarmiento 1247 06 07 Julio/2023',7,0,1,1,NULL,'2023-08-26','2023-08-26'),(8919241686517940278,43,2023,-1380,'HONORARIOS Sarmiento 1247 06 07 Julio/2023',7,0,0,1,NULL,'2023-08-26','2023-08-26'),(8919241686517940279,6,2023,22404,'ALQUILER Buenos Aires 880 01 04 Julio/2023',7,0,1,1,NULL,'2023-08-26','2023-08-26'),(8919241686517940280,6,2023,-2240.4,'HONORARIOS Buenos Aires 880 01 04 Julio/2023',7,0,0,1,NULL,'2023-08-26','2023-08-26'),(8919241686517940281,26,2023,36800,'ALQUILER Sarmiento  1247 01 02 Julio/2023',7,0,1,1,NULL,'2023-08-26','2023-08-26'),(8919241686517940282,26,2023,-3680,'HONORARIOS Sarmiento  1247 01 02 Julio/2023',7,0,0,1,NULL,'2023-08-26','2023-08-26'),(8919241686517940283,26,2023,2054,'Tgi Julio/2023',7,0,0,1,NULL,'2023-08-26','2023-08-26'),(8919241686517940284,26,2023,2190,'Aguas Julio/2023',7,0,0,1,NULL,'2023-08-26','2023-08-26'),(8919241686517940285,26,2023,453,'Api Julio/2023',7,0,0,1,NULL,'2023-08-26','2023-08-26'),(8919241686517940286,27,2023,44010,'ALQUILER Riobamba 40 bi 01 02 Julio/2023',7,0,1,1,NULL,'2023-08-26','2023-08-26'),(8919241686517940287,27,2023,-4401,'HONORARIOS Riobamba 40 bi 01 02 Julio/2023',7,0,0,1,NULL,'2023-08-26','2023-08-26'),(8919241686517940288,27,2023,1914,'Tgi Julio/2023',7,0,0,1,NULL,'2023-08-26','2023-08-26'),(8919241686517940289,27,2023,1853,'Aguas Julio/2023',7,0,0,1,NULL,'2023-08-26','2023-08-26'),(8919241686517940290,27,2023,305,'Api Julio/2023',7,0,0,1,NULL,'2023-08-26','2023-08-26'),(8919241686517940291,47,2023,17710,'ALQUILER La Paz 1138 00 03 Julio/2023',7,0,1,1,NULL,'2023-08-26','2023-08-26'),(8919241686517940292,47,2023,-1771,'HONORARIOS La Paz 1138 00 03 Julio/2023',7,0,0,1,NULL,'2023-08-26','2023-08-26'),(8919241686517940293,13,2023,0,'ALQUILER Pellegrini 1068 01 03 Julio/2023',7,0,1,1,NULL,'2023-08-26','2023-08-26'),(8919241686517940294,13,2023,-0,'HONORARIOS Pellegrini 1068 01 03 Julio/2023',7,0,0,1,NULL,'2023-08-26','2023-08-26'),(8919241686517940295,11,2023,38800,'ALQUILER Sarmiento 1247 00 03 Julio/2023',7,0,1,1,NULL,'2023-08-26','2023-08-26'),(8919241686517940296,11,2023,-3880,'HONORARIOS Sarmiento 1247 00 03 Julio/2023',7,0,0,1,NULL,'2023-08-26','2023-08-26'),(8919241686517940297,48,2023,26800,'ALQUILER Pj. Costarelli 5368 01  Julio/2023',7,0,1,1,NULL,'2023-08-26','2023-08-26'),(8919241686517940298,48,2023,-2680,'HONORARIOS Pj. Costarelli 5368 01  Julio/2023',7,0,0,1,NULL,'2023-08-26','2023-08-26'),(8919241686517940299,45,2023,70000,'ALQUILER Regimiento 11  178   Julio/2023',7,0,1,1,NULL,'2023-08-26','2023-08-26'),(8919241686517940300,45,2023,-7000,'HONORARIOS Regimiento 11  178   Julio/2023',7,0,0,1,NULL,'2023-08-26','2023-08-26'),(8919241686517940301,46,2023,66800,'ALQUILER Corrientes 1591 00 06 Julio/2023',7,0,1,1,NULL,'2023-08-26','2023-08-26'),(8919241686517940302,46,2023,-6680,'HONORARIOS Corrientes 1591 00 06 Julio/2023',7,0,0,1,NULL,'2023-08-26','2023-08-26'),(8919241686517940303,19,2023,2525,'ALQUILER Sarmiento 1247 08 03 Julio/2023',7,0,1,1,NULL,'2023-08-26','2023-08-26'),(8919241686517940304,19,2023,-252.5,'HONORARIOS Sarmiento 1247 08 03 Julio/2023',7,0,0,1,NULL,'2023-08-26','2023-08-26'),(8919241686517940305,22,2023,36036,'ALQUILER Buenos Aires 1659 00 03 Julio/2023',7,0,1,1,NULL,'2023-08-26','2023-08-26'),(8919241686517940306,22,2023,-3603.6,'HONORARIOS Buenos Aires 1659 00 03 Julio/2023',7,0,0,1,NULL,'2023-08-26','2023-08-26'),(8919241686517940307,5,2023,15092,'ALQUILER Sarmiento 1247 07 04 Julio/2023',7,0,1,1,NULL,'2023-08-26','2023-08-26'),(8919241686517940308,5,2023,-1509.2,'HONORARIOS Sarmiento 1247 07 04 Julio/2023',7,0,0,1,NULL,'2023-08-26','2023-08-26'),(8919241686517940309,28,2023,59600,'ALQUILER Urquiza  1949 13 04 Julio/2023',7,0,1,1,NULL,'2023-08-26','2023-08-26'),(8919241686517940310,28,2023,-5960,'HONORARIOS Urquiza  1949 13 04 Julio/2023',7,0,0,1,NULL,'2023-08-26','2023-08-26'),(8919241686517940311,30,2023,52050,'ALQUILER Urquiza 1949 07 06 Julio/2023',7,0,1,1,NULL,'2023-08-26','2023-08-26'),(8919241686517940312,30,2023,-5205,'HONORARIOS Urquiza 1949 07 06 Julio/2023',7,0,0,1,NULL,'2023-08-26','2023-08-26'),(8919241686517940313,29,2023,22000,'ALQUILER Sarmiento 1247 06 08 Julio/2023',7,0,1,1,NULL,'2023-08-26','2023-08-26'),(8919241686517940314,29,2023,-2200,'HONORARIOS Sarmiento 1247 06 08 Julio/2023',7,0,0,1,NULL,'2023-08-26','2023-08-26'),(8919241686517940315,40,2023,30960,'ALQUILER Cda. Ricardone 1376 04 02 Julio/2023',7,0,1,1,NULL,'2023-08-26','2023-08-26'),(8919241686517940316,40,2023,-3096,'HONORARIOS Cda. Ricardone 1376 04 02 Julio/2023',7,0,0,1,NULL,'2023-08-26','2023-08-26'),(8919241686517940317,50,2023,26300,'ALQUILER Sarmiento 1247 03 07 Julio/2023',7,0,1,1,NULL,'2023-08-26','2023-08-26'),(8919241686517940318,50,2023,-2630,'HONORARIOS Sarmiento 1247 03 07 Julio/2023',7,0,0,1,NULL,'2023-08-26','2023-08-26'),(8919241686517940319,50,2023,90,'Seguro Julio/2023',7,0,0,1,NULL,'2023-08-26','2023-08-26'),(8919241686517940320,50,2023,0,'LUZ Julio/2023',7,0,0,1,NULL,'2023-08-26','2023-08-26'),(8919241686517940321,4,2023,11515,'ALQUILER 3 de Febrero  1366 01 04 Julio/2023',7,1,1,1,'2023-08-27 00:28:54','2023-08-26','2023-08-26'),(8919241686517940322,4,2023,-1151.5,'HONORARIOS 3 de Febrero  1366 01 04 Julio/2023',7,1,0,1,'2023-08-27 00:28:54','2023-08-26','2023-08-26'),(8919241686517940323,16,2023,13440,'ALQUILER Ituzaingo 744 00 06 Noviembre/2023',11,0,1,1,NULL,'2023-12-01','2023-12-01'),(8919241686517940324,16,2023,-1344,'HONORARIOS Ituzaingo 744 00 06 Noviembre/2023',11,0,0,1,NULL,'2023-12-01','2023-12-01'),(8919241686517940325,49,2023,24700,'ALQUILER Caferatta 2033 03 03 Noviembre/2023',11,0,1,1,NULL,'2023-12-01','2023-12-01'),(8919241686517940326,49,2023,-2470,'HONORARIOS Caferatta 2033 03 03 Noviembre/2023',11,0,0,1,NULL,'2023-12-01','2023-12-01'),(8919241686517940327,8,2023,25800,'ALQUILER Gaboto 1821 04 02 Noviembre/2023',11,0,1,1,NULL,'2023-12-01','2023-12-01'),(8919241686517940328,8,2023,-2580,'HONORARIOS Gaboto 1821 04 02 Noviembre/2023',11,0,0,1,NULL,'2023-12-01','2023-12-01'),(8919241686517940329,10,2023,27830,'ALQUILER Cerrito 553 02 03 Noviembre/2023',11,0,1,1,NULL,'2023-12-01','2023-12-01'),(8919241686517940330,10,2023,-2783,'HONORARIOS Cerrito 553 02 03 Noviembre/2023',11,0,0,1,NULL,'2023-12-01','2023-12-01'),(8919241686517940331,9,2023,21800,'ALQUILER Gaboto 1875 06 04 Noviembre/2023',11,0,1,1,NULL,'2023-12-01','2023-12-01'),(8919241686517940332,9,2023,-2180,'HONORARIOS Gaboto 1875 06 04 Noviembre/2023',11,0,0,1,NULL,'2023-12-01','2023-12-01'),(8919241686517940333,23,2023,65100,'ALQUILER Maipu  1431 02 01 Noviembre/2023',11,0,1,1,NULL,'2023-12-01','2023-12-01'),(8919241686517940334,23,2023,-6510,'HONORARIOS Maipu  1431 02 01 Noviembre/2023',11,0,0,1,NULL,'2023-12-01','2023-12-01'),(8919241686517940335,39,2023,18500,'ALQUILER Mitre 2458 02 03 Noviembre/2023',11,0,1,1,NULL,'2023-12-01','2023-12-01'),(8919241686517940336,39,2023,-1850,'HONORARIOS Mitre 2458 02 03 Noviembre/2023',11,0,0,1,NULL,'2023-12-01','2023-12-01'),(8919241686517940337,17,2023,19800,'ALQUILER Gaboto 1821 01 02 Noviembre/2023',11,0,1,1,NULL,'2023-12-01','2023-12-01'),(8919241686517940338,17,2023,-1980,'HONORARIOS Gaboto 1821 01 02 Noviembre/2023',11,0,0,1,NULL,'2023-12-01','2023-12-01'),(8919241686517940339,17,2023,1021,'Aguas Noviembre/2023',11,0,0,1,NULL,'2023-12-01','2023-12-01'),(8919241686517940340,17,2023,1312,'Tgi Noviembre/2023',11,0,0,1,NULL,'2023-12-01','2023-12-01'),(8919241686517940341,57,2023,135000,'ALQUILER sarmiento 1247 07 02 Noviembre/2023',11,0,1,1,NULL,'2023-12-01','2023-12-01'),(8919241686517940342,57,2023,-13500,'HONORARIOS sarmiento 1247 07 02 Noviembre/2023',11,0,0,1,NULL,'2023-12-01','2023-12-01'),(8919241686517940343,3,2023,24278,'ALQUILER San Martin 1421 01 04 Noviembre/2023',11,0,1,1,NULL,'2023-12-01','2023-12-01'),(8919241686517940344,3,2023,-2427.8,'HONORARIOS San Martin 1421 01 04 Noviembre/2023',11,0,0,1,NULL,'2023-12-01','2023-12-01'),(8919241686517940345,21,2023,12500,'ALQUILER Sarmiento 1247 02 05 Noviembre/2023',11,0,1,1,NULL,'2023-12-01','2023-12-01'),(8919241686517940346,21,2023,-1250,'HONORARIOS Sarmiento 1247 02 05 Noviembre/2023',11,0,0,1,NULL,'2023-12-01','2023-12-01'),(8919241686517940347,31,2023,32038,'ALQUILER Mitre 757 08 06 Noviembre/2023',11,0,1,1,NULL,'2023-12-01','2023-12-01'),(8919241686517940348,31,2023,-3203.8,'HONORARIOS Mitre 757 08 06 Noviembre/2023',11,0,0,1,NULL,'2023-12-01','2023-12-01'),(8919241686517940349,54,2023,4545,'ALQUILER Gaboto 3573 00 03 Noviembre/2023',11,0,1,1,NULL,'2023-12-01','2023-12-01'),(8919241686517940350,54,2023,-45.45,'HONORARIOS Gaboto 3573 00 03 Noviembre/2023',11,0,0,1,NULL,'2023-12-01','2023-12-01'),(8919241686517940351,54,2023,500,'Seguro Noviembre/2023',11,0,0,1,NULL,'2023-12-01','2023-12-01'),(8919241686517940352,54,2023,600,'Expensas Noviembre/2023',11,0,0,1,NULL,'2023-12-01','2023-12-01'),(8919241686517940353,54,2023,1000,'LUZ Noviembre/2023',11,0,0,1,NULL,'2023-12-01','2023-12-01'),(8919241686517940354,54,2023,300,'TGI Noviembre/2023',11,0,0,1,NULL,'2023-12-01','2023-12-01'),(8919241686517940355,54,2023,300,'API Noviembre/2023',11,0,0,1,NULL,'2023-12-01','2023-12-01'),(8919241686517940356,54,2023,1600,'Compensación Noviembre/2023',11,0,0,1,NULL,'2023-12-01','2023-12-01'),(8919241686517940357,32,2023,22700,'ALQUILER Gaboto 3573 00 05 Noviembre/2023',11,0,1,1,NULL,'2023-12-01','2023-12-01'),(8919241686517940358,32,2023,-227,'HONORARIOS Gaboto 3573 00 05 Noviembre/2023',11,0,0,1,NULL,'2023-12-01','2023-12-01'),(8919241686517940359,32,2023,600,'GAS Noviembre/2023',11,0,0,1,NULL,'2023-12-01','2023-12-01'),(8919241686517940360,32,2023,490,'API Noviembre/2023',11,0,0,1,NULL,'2023-12-01','2023-12-01'),(8919241686517940361,32,2023,1900,'Seguro Noviembre/2023',11,0,0,1,NULL,'2023-12-01','2023-12-01'),(8919241686517940362,42,2023,50000,'ALQUILER Corrientes 1273 07 02 Noviembre/2023',11,0,1,1,NULL,'2023-12-01','2023-12-01'),(8919241686517940363,42,2023,-500,'HONORARIOS Corrientes 1273 07 02 Noviembre/2023',11,0,0,1,NULL,'2023-12-01','2023-12-01'),(8919241686517940364,42,2023,900,'Compensación Noviembre/2023',11,0,0,1,NULL,'2023-12-01','2023-12-01'),(8919241686517940365,15,2023,49200,'ALQUILER Vera Mujica 2106   Noviembre/2023',11,0,1,1,NULL,'2023-12-01','2023-12-01'),(8919241686517940366,15,2023,-492,'HONORARIOS Vera Mujica 2106   Noviembre/2023',11,0,0,1,NULL,'2023-12-01','2023-12-01'),(8919241686517940367,2,2023,36200,'ALQUILER 1º de Mayo 2551 05 02 Noviembre/2023',11,0,1,1,NULL,'2023-12-01','2023-12-01'),(8919241686517940368,2,2023,-3620,'HONORARIOS 1º de Mayo 2551 05 02 Noviembre/2023',11,0,0,1,NULL,'2023-12-01','2023-12-01'),(8919241686517940369,24,2023,44623,'ALQUILER 3 de Febrero  2289 01 04 Noviembre/2023',11,0,1,1,NULL,'2023-12-01','2023-12-01'),(8919241686517940370,24,2023,-3569.84,'HONORARIOS 3 de Febrero  2289 01 04 Noviembre/2023',11,0,0,1,NULL,'2023-12-01','2023-12-01'),(8919241686517940371,20,2023,22644,'ALQUILER Necochea 1334 05 02 Noviembre/2023',11,0,1,1,NULL,'2023-12-01','2023-12-01'),(8919241686517940372,20,2023,-1811.52,'HONORARIOS Necochea 1334 05 02 Noviembre/2023',11,0,0,1,NULL,'2023-12-01','2023-12-01'),(8919241686517940373,1,2023,12500,'ALQUILER Necochea 1334 01 03 Noviembre/2023',11,0,1,1,NULL,'2023-12-01','2023-12-01'),(8919241686517940374,1,2023,-1000,'HONORARIOS Necochea 1334 01 03 Noviembre/2023',11,0,0,1,NULL,'2023-12-01','2023-12-01'),(8919241686517940375,25,2023,22350,'ALQUILER COLON 1256 04 05 Noviembre/2023',11,0,1,1,NULL,'2023-12-01','2023-12-01'),(8919241686517940376,25,2023,-1788,'HONORARIOS COLON 1256 04 05 Noviembre/2023',11,0,0,1,NULL,'2023-12-01','2023-12-01'),(8919241686517940377,41,2023,56000,'ALQUILER Zeballos 867 08 03 Noviembre/2023',11,0,1,1,NULL,'2023-12-01','2023-12-01'),(8919241686517940378,41,2023,-4480,'HONORARIOS Zeballos 867 08 03 Noviembre/2023',11,0,0,1,NULL,'2023-12-01','2023-12-01'),(8919241686517940379,43,2023,13800,'ALQUILER Sarmiento 1247 06 07 Noviembre/2023',11,0,1,1,NULL,'2023-12-01','2023-12-01'),(8919241686517940380,43,2023,-1380,'HONORARIOS Sarmiento 1247 06 07 Noviembre/2023',11,0,0,1,NULL,'2023-12-01','2023-12-01'),(8919241686517940381,26,2023,36800,'ALQUILER Sarmiento  1247 01 02 Noviembre/2023',11,0,1,1,NULL,'2023-12-01','2023-12-01'),(8919241686517940382,26,2023,-3680,'HONORARIOS Sarmiento  1247 01 02 Noviembre/2023',11,0,0,1,NULL,'2023-12-01','2023-12-01'),(8919241686517940383,26,2023,2054,'Tgi Noviembre/2023',11,0,0,1,NULL,'2023-12-01','2023-12-01'),(8919241686517940384,26,2023,2190,'Aguas Noviembre/2023',11,0,0,1,NULL,'2023-12-01','2023-12-01'),(8919241686517940385,26,2023,453,'Api Noviembre/2023',11,0,0,1,NULL,'2023-12-01','2023-12-01'),(8919241686517940386,27,2023,44010,'ALQUILER Riobamba 40 bi 01 02 Noviembre/2023',11,0,1,1,NULL,'2023-12-01','2023-12-01'),(8919241686517940387,27,2023,-4401,'HONORARIOS Riobamba 40 bi 01 02 Noviembre/2023',11,0,0,1,NULL,'2023-12-01','2023-12-01'),(8919241686517940388,27,2023,1914,'Tgi Noviembre/2023',11,0,0,1,NULL,'2023-12-01','2023-12-01'),(8919241686517940389,27,2023,1853,'Aguas Noviembre/2023',11,0,0,1,NULL,'2023-12-01','2023-12-01'),(8919241686517940390,27,2023,305,'Api Noviembre/2023',11,0,0,1,NULL,'2023-12-01','2023-12-01'),(8919241686517940391,47,2023,17710,'ALQUILER La Paz 1138 00 03 Noviembre/2023',11,0,1,1,NULL,'2023-12-01','2023-12-01'),(8919241686517940392,47,2023,-1771,'HONORARIOS La Paz 1138 00 03 Noviembre/2023',11,0,0,1,NULL,'2023-12-01','2023-12-01'),(8919241686517940393,13,2023,0,'ALQUILER Pellegrini 1068 01 03 Noviembre/2023',11,0,1,1,NULL,'2023-12-01','2023-12-01'),(8919241686517940394,13,2023,-0,'HONORARIOS Pellegrini 1068 01 03 Noviembre/2023',11,0,0,1,NULL,'2023-12-01','2023-12-01'),(8919241686517940395,11,2023,38800,'ALQUILER Sarmiento 1247 00 03 Noviembre/2023',11,0,1,1,NULL,'2023-12-01','2023-12-01'),(8919241686517940396,11,2023,-3880,'HONORARIOS Sarmiento 1247 00 03 Noviembre/2023',11,0,0,1,NULL,'2023-12-01','2023-12-01'),(8919241686517940397,48,2023,26800,'ALQUILER Pj. Costarelli 5368 01  Noviembre/2023',11,0,1,1,NULL,'2023-12-01','2023-12-01'),(8919241686517940398,48,2023,-2680,'HONORARIOS Pj. Costarelli 5368 01  Noviembre/2023',11,0,0,1,NULL,'2023-12-01','2023-12-01'),(8919241686517940399,45,2023,70000,'ALQUILER Regimiento 11  178   Noviembre/2023',11,0,1,1,NULL,'2023-12-01','2023-12-01'),(8919241686517940400,45,2023,-7000,'HONORARIOS Regimiento 11  178   Noviembre/2023',11,0,0,1,NULL,'2023-12-01','2023-12-01'),(8919241686517940401,59,2023,2094940,'ALQUILER 3 de Febrero 2289 2289 02 04 Noviembre/2023',11,0,1,1,NULL,'2023-12-01','2023-12-01'),(8919241686517940402,59,2023,-209494,'HONORARIOS 3 de Febrero 2289 2289 02 04 Noviembre/2023',11,0,0,1,NULL,'2023-12-01','2023-12-01'),(8919241686517940403,46,2023,66800,'ALQUILER Corrientes 1591 00 06 Noviembre/2023',11,0,1,1,NULL,'2023-12-01','2023-12-01'),(8919241686517940404,46,2023,-6680,'HONORARIOS Corrientes 1591 00 06 Noviembre/2023',11,0,0,1,NULL,'2023-12-01','2023-12-01'),(8919241686517940405,19,2023,2525,'ALQUILER Sarmiento 1247 08 03 Noviembre/2023',11,0,1,1,NULL,'2023-12-01','2023-12-01'),(8919241686517940406,19,2023,-252.5,'HONORARIOS Sarmiento 1247 08 03 Noviembre/2023',11,0,0,1,NULL,'2023-12-01','2023-12-01'),(8919241686517940407,22,2023,36036,'ALQUILER Buenos Aires 1659 00 03 Noviembre/2023',11,0,1,1,NULL,'2023-12-01','2023-12-01'),(8919241686517940408,22,2023,-3603.6,'HONORARIOS Buenos Aires 1659 00 03 Noviembre/2023',11,0,0,1,NULL,'2023-12-01','2023-12-01'),(8919241686517940409,5,2023,15092,'ALQUILER Sarmiento 1247 07 04 Noviembre/2023',11,0,1,1,NULL,'2023-12-01','2023-12-01'),(8919241686517940410,5,2023,-1509.2,'HONORARIOS Sarmiento 1247 07 04 Noviembre/2023',11,0,0,1,NULL,'2023-12-01','2023-12-01'),(8919241686517940411,28,2023,59600,'ALQUILER Urquiza  1949 13 04 Noviembre/2023',11,0,1,1,NULL,'2023-12-01','2023-12-01'),(8919241686517940412,28,2023,-5960,'HONORARIOS Urquiza  1949 13 04 Noviembre/2023',11,0,0,1,NULL,'2023-12-01','2023-12-01'),(8919241686517940413,30,2023,52050,'ALQUILER Urquiza 1949 07 06 Noviembre/2023',11,0,1,1,NULL,'2023-12-01','2023-12-01'),(8919241686517940414,30,2023,-5205,'HONORARIOS Urquiza 1949 07 06 Noviembre/2023',11,0,0,1,NULL,'2023-12-01','2023-12-01'),(8919241686517940415,29,2023,22000,'ALQUILER Sarmiento 1247 06 08 Noviembre/2023',11,0,1,1,NULL,'2023-12-01','2023-12-01'),(8919241686517940416,29,2023,-2200,'HONORARIOS Sarmiento 1247 06 08 Noviembre/2023',11,0,0,1,NULL,'2023-12-01','2023-12-01'),(8919241686517940417,40,2023,30960,'ALQUILER Cda. Ricardone 1376 04 02 Noviembre/2023',11,0,1,1,NULL,'2023-12-01','2023-12-01'),(8919241686517940418,40,2023,-3096,'HONORARIOS Cda. Ricardone 1376 04 02 Noviembre/2023',11,0,0,1,NULL,'2023-12-01','2023-12-01'),(8919241686517940419,50,2023,26300,'ALQUILER Sarmiento 1247 03 07 Noviembre/2023',11,0,1,1,NULL,'2023-12-01','2023-12-01'),(8919241686517940420,50,2023,-2630,'HONORARIOS Sarmiento 1247 03 07 Noviembre/2023',11,0,0,1,NULL,'2023-12-01','2023-12-01'),(8919241686517940421,50,2023,90,'Seguro Noviembre/2023',11,0,0,1,NULL,'2023-12-01','2023-12-01'),(8919241686517940422,50,2023,0,'LUZ Noviembre/2023',11,0,0,1,NULL,'2023-12-01','2023-12-01');
/*!40000 ALTER TABLE `debtowners` ENABLE KEYS */;
UNLOCK TABLES;

--
-- Table structure for table `eventualities`
--

DROP TABLE IF EXISTS `eventualities`;
/*!40101 SET @saved_cs_client     = @@character_set_client */;
/*!50503 SET character_set_client = utf8mb4 */;
CREATE TABLE `eventualities` (
  `id` bigint NOT NULL AUTO_INCREMENT,
  `PropertyId` bigint NOT NULL,
  `paymentId` bigint DEFAULT NULL,
  `clientAmount` float NOT NULL,
  `ownerAmount` float NOT NULL,
  `clientPaid` tinyint(1) NOT NULL DEFAULT '0',
  `isReverted` tinyint(1) NOT NULL DEFAULT '0',
  `ownerPaid` tinyint(1) NOT NULL DEFAULT '0',
  `description` varchar(255) NOT NULL,
  `expiredDate` date NOT NULL,
  `createdAt` datetime NOT NULL,
  `updatedAt` datetime NOT NULL,
  PRIMARY KEY (`id`),
  KEY `PropertyId` (`PropertyId`),
  CONSTRAINT `eventualities_ibfk_1` FOREIGN KEY (`PropertyId`) REFERENCES `properties` (`id`) ON UPDATE CASCADE
) ENGINE=InnoDB AUTO_INCREMENT=38 DEFAULT CHARSET=utf8mb4 COLLATE=utf8mb4_0900_ai_ci;
/*!40101 SET character_set_client = @saved_cs_client */;

--
-- Dumping data for table `eventualities`
--

LOCK TABLES `eventualities` WRITE;
/*!40000 ALTER TABLE `eventualities` DISABLE KEYS */;
INSERT INTO `eventualities` (`id`, `PropertyId`, `paymentId`, `clientAmount`, `ownerAmount`, `clientPaid`, `isReverted`, `ownerPaid`, `description`, `expiredDate`, `createdAt`, `updatedAt`) VALUES (1,53,NULL,8298.8,0,1,0,1,'Diferencia a favor sobre el cobro Abril/2023','2023-05-24','2023-04-24 14:41:29','2023-05-04 22:12:57'),(2,11,NULL,0,-10807,0,0,0,'Fac 20079 Accesaniga compra cerámicos piso baño','2023-04-24','2023-04-24 17:46:43','2023-05-02 00:55:01'),(3,11,NULL,0,-9312,1,0,0,'Fac. 9135 Sanitarios Pasco, compra conexiones baño','2023-04-24','2023-04-24 17:47:55','2023-05-11 20:31:13'),(4,4,NULL,424,0,1,0,1,'Diferencia a favor sobre el cobro Abril/2023','2023-05-26','2023-04-26 12:33:25','2023-05-04 18:55:44'),(5,39,NULL,0,-15000,0,0,0,'Pintura alacenas y bajo mesada materiales y m.o. y limpieza gral.','2023-04-26','2023-04-26 14:11:28','2023-05-02 00:55:01'),(6,7,NULL,0,-4273,0,0,0,'Cambio piloto calefón Fac. 9226','2023-04-26','2023-04-26 16:43:22','2023-05-02 00:55:01'),(7,7,NULL,0,-3610,0,0,0,'Reparar canillas x perdida Fac. 13300','2023-04-26','2023-04-26 16:44:19','2023-05-11 15:30:23'),(8,17,NULL,0,-12040,0,0,0,'Fac. 248 trabajos electricidad','2023-04-27','2023-04-27 15:33:23','2023-05-11 15:29:03'),(9,17,NULL,0,-14800,0,0,0,'Fac. 062 trabajos plomería x filtración en baño a depto. de abajo','2023-04-27','2023-04-27 15:34:31','2023-05-02 00:55:01'),(10,32,12,13461.6,0,0,1,1,'Saldo Mayo/2023','2023-06-07','2023-05-08 15:38:16','2023-05-11 22:13:37'),(11,11,13,6601.75,0,1,1,1,'Saldo Mayo/2023','2023-06-07','2023-05-08 15:41:29','2023-05-11 20:31:13'),(12,15,NULL,123,12,1,0,1,'JEAN HILAIRE COSA','2023-05-11','2023-05-11 15:31:57','2023-09-07 16:44:30'),(13,55,NULL,4,23,0,0,1,'2343432','2023-05-11','2023-05-11 15:32:22','2023-06-11 20:59:40'),(14,51,NULL,23,324,0,0,0,'234343','2023-05-11','2023-05-11 15:32:42','2023-05-11 15:32:42'),(15,55,NULL,900,0,0,0,0,'great descripcion bro','2023-05-12','2023-05-11 16:07:37','2023-05-11 22:07:10'),(16,11,15,13703,0,0,1,1,'Saldo Mayo/2023','2023-06-10','2023-05-11 22:15:05','2023-05-11 22:15:05'),(17,53,NULL,120,0,0,0,0,'test','2023-05-12','2023-05-11 22:22:20','2023-05-11 22:22:20'),(18,53,NULL,0,676,0,0,1,'tes great','2023-05-12','2023-05-11 22:22:40','2023-05-11 22:23:14'),(19,15,NULL,-90,-122,1,0,1,'MONTO NEGATIVO','2023-05-16','2023-05-15 15:55:32','2023-09-07 16:44:30'),(20,15,NULL,-56,56,1,0,1,'NAGATIVO Y POSITIVO','2023-05-16','2023-05-15 15:55:58','2023-09-07 16:44:30'),(21,26,NULL,0,0,0,0,0,'cualquier cosa','2023-05-16','2023-05-15 18:08:34','2023-05-15 18:08:34'),(22,26,NULL,0,0,0,0,0,'puedo aparecer ahora esrte','2023-05-16','2023-05-15 18:11:27','2023-05-15 18:18:23'),(23,26,NULL,0,0,0,0,0,'negative event','2023-05-16','2023-05-15 18:12:39','2023-05-15 18:18:18'),(24,17,NULL,123,23,0,0,0,'test finalizado','2023-06-06','2023-06-05 23:10:26','2023-06-05 23:10:26'),(25,26,NULL,900,787,1,0,1,'test Jean Finalizado','2023-06-06','2023-06-05 23:10:54','2023-07-25 13:16:40'),(27,26,NULL,0,1500,0,0,0,'una deuda fuera de contrato que corresponde al propietario nada mas ','2023-06-12','2023-06-11 20:27:53','2023-06-11 22:35:44'),(28,24,NULL,0,9000,0,0,1,'test Jean ','2023-06-12','2023-06-11 21:12:14','2023-06-12 15:27:28'),(29,2,21,7966,0,0,1,1,'Saldo Junio/2023','2023-07-12','2023-06-12 15:36:57','2023-06-12 15:36:57'),(30,39,37,2600,0,1,1,1,'Saldo Septiembre/2023','2023-10-05','2023-09-05 21:02:41','2023-09-08 19:53:17'),(31,52,38,60,0,1,1,1,'Saldo Abril-Mayo-Julio/2023','2023-10-05','2023-09-05 21:05:17','2023-09-05 21:08:19'),(32,52,39,12676,0,1,1,1,'Saldo Abril-Mayo-Septiembre/2023','2023-10-05','2023-09-05 21:07:36','2023-09-05 21:08:19'),(33,52,40,736,0,0,1,1,'Saldo Septiembre/2023','2023-10-05','2023-09-05 21:08:19','2023-09-05 21:08:19'),(34,4,42,1726,0,0,1,1,'Saldo Septiembre/2023','2023-10-08','2023-09-08 19:56:07','2023-09-08 19:56:07'),(35,54,NULL,200,1000,0,0,0,'Gastos de prueba ','2023-11-30','2023-11-06 13:41:33','2023-11-06 13:41:33'),(36,43,NULL,200,1000,1,0,0,'Gastos de prueba xxxx','2023-11-07','2023-11-06 13:42:12','2023-11-06 13:43:58'),(37,43,43,258017,0,0,1,1,'Saldo Noviembre/2023','2023-12-06','2023-11-06 13:43:57','2023-11-06 13:43:57');
/*!40000 ALTER TABLE `eventualities` ENABLE KEYS */;
UNLOCK TABLES;

--
-- Table structure for table `joblogs`
--

DROP TABLE IF EXISTS `joblogs`;
/*!40101 SET @saved_cs_client     = @@character_set_client */;
/*!50503 SET character_set_client = utf8mb4 */;
CREATE TABLE `joblogs` (
  `id` bigint NOT NULL AUTO_INCREMENT,
  `type` varchar(255) NOT NULL,
  `state` varchar(255) NOT NULL,
  `message` varchar(255) DEFAULT NULL,
  `createdAt` datetime NOT NULL,
  `updatedAt` datetime NOT NULL,
  PRIMARY KEY (`id`)
) ENGINE=InnoDB AUTO_INCREMENT=66 DEFAULT CHARSET=utf8mb4 COLLATE=utf8mb4_0900_ai_ci;
/*!40101 SET character_set_client = @saved_cs_client */;

--
-- Dumping data for table `joblogs`
--

LOCK TABLES `joblogs` WRITE;
/*!40000 ALTER TABLE `joblogs` DISABLE KEYS */;
INSERT INTO `joblogs` (`id`, `type`, `state`, `message`, `createdAt`, `updatedAt`) VALUES (1,'debts','success','DEBTS CLIENT JOB DONE SUCCESSFULLY.','2023-05-04 18:29:29','2023-05-04 18:29:29'),(2,'debts','success','DEBTS CLIENT JOB DONE SUCCESSFULLY.','2023-05-04 19:08:15','2023-05-04 19:08:15'),(3,'debts','success','DEBTS CLIENT JOB DONE SUCCESSFULLY.','2023-05-04 19:20:01','2023-05-04 19:20:01'),(4,'debts','success','DEBTS CLIENT JOB DONE SUCCESSFULLY.','2023-05-04 19:29:37','2023-05-04 19:29:37'),(5,'debts','success','DEBTS CLIENT JOB DONE SUCCESSFULLY.','2023-05-04 19:32:36','2023-05-04 19:32:36'),(6,'debts','success','DEBTS CLIENT JOB DONE SUCCESSFULLY.','2023-05-04 19:33:08','2023-05-04 19:33:08'),(7,'debts','success','DEBTS CLIENT JOB DONE SUCCESSFULLY.','2023-05-04 19:37:46','2023-05-04 19:37:46'),(8,'debts','success','DEBTS CLIENT JOB DONE SUCCESSFULLY.','2023-05-04 19:48:12','2023-05-04 19:48:12'),(9,'debts','success','DEBTS CLIENT JOB DONE SUCCESSFULLY.','2023-05-04 19:56:01','2023-05-04 19:56:01'),(10,'debts','success','DEBTS CLIENT JOB DONE SUCCESSFULLY.','2023-05-04 19:57:19','2023-05-04 19:57:19'),(11,'debts','success','DEBTS CLIENT JOB DONE SUCCESSFULLY.','2023-05-04 21:01:27','2023-05-04 21:01:27'),(12,'debts','success','DEBTS CLIENT JOB DONE SUCCESSFULLY.','2023-05-04 21:04:34','2023-05-04 21:04:34'),(13,'debts','success','DEBTS CLIENT JOB DONE SUCCESSFULLY.','2023-05-04 21:05:13','2023-05-04 21:05:13'),(14,'debts','success','DEBTS CLIENT JOB DONE SUCCESSFULLY.','2023-05-04 21:08:31','2023-05-04 21:08:31'),(15,'debts','success','DEBTS CLIENT JOB DONE SUCCESSFULLY.','2023-05-04 21:09:15','2023-05-04 21:09:15'),(16,'debts','success','DEBTS CLIENT JOB DONE SUCCESSFULLY.','2023-05-04 21:09:34','2023-05-04 21:09:34'),(17,'debts','success','DEBTS CLIENT JOB DONE SUCCESSFULLY.','2023-05-04 22:07:02','2023-05-04 22:07:02'),(18,'debts','success','DEBTS CLIENT JOB DONE SUCCESSFULLY.','2023-05-04 22:16:23','2023-05-04 22:16:23'),(19,'debts','success','DEBTS OWNER JOB DONE SUCCESSFULLY.','2023-05-07 18:54:12','2023-05-07 18:54:12'),(20,'debts','success','DEBTS OWNER JOB DONE SUCCESSFULLY.','2023-05-07 19:00:59','2023-05-07 19:00:59'),(21,'debts','success','DEBTS OWNER JOB DONE SUCCESSFULLY.','2023-05-07 19:02:30','2023-05-07 19:02:30'),(22,'debts','success','DEBTS OWNER JOB DONE SUCCESSFULLY.','2023-05-07 19:05:20','2023-05-07 19:05:20'),(23,'debts','success','DEBTS OWNER JOB DONE SUCCESSFULLY.','2023-05-07 19:05:53','2023-05-07 19:05:53'),(24,'debts','success','DEBTS OWNER JOB DONE SUCCESSFULLY.','2023-05-08 01:19:08','2023-05-08 01:19:08'),(25,'debts','success','DEBTS CLIENT JOB DONE SUCCESSFULLY.','2023-06-01 20:52:01','2023-06-01 20:52:01'),(26,'debts','success','DEBTS OWNER JOB DONE SUCCESSFULLY.','2023-06-01 20:52:02','2023-06-01 20:52:02'),(27,'debts','success','DEBTS CLIENT JOB DONE SUCCESSFULLY.','2023-06-01 20:53:01','2023-06-01 20:53:01'),(28,'debts','success','DEBTS OWNER JOB DONE SUCCESSFULLY.','2023-06-01 20:53:02','2023-06-01 20:53:02'),(29,'debts','success','DEBTS CLIENT JOB DONE SUCCESSFULLY.','2023-06-01 20:54:01','2023-06-01 20:54:01'),(30,'debts','success','DEBTS OWNER JOB DONE SUCCESSFULLY.','2023-06-01 20:54:01','2023-06-01 20:54:01'),(31,'debts','success','DEBTS CLIENT JOB DONE SUCCESSFULLY.','2023-06-01 20:55:01','2023-06-01 20:55:01'),(32,'debts','success','DEBTS OWNER JOB DONE SUCCESSFULLY.','2023-06-01 20:55:02','2023-06-01 20:55:02'),(33,'debts','success','DEBTS CLIENT JOB DONE SUCCESSFULLY.','2023-06-01 20:56:01','2023-06-01 20:56:01'),(34,'debts','success','DEBTS OWNER JOB DONE SUCCESSFULLY.','2023-06-01 20:56:01','2023-06-01 20:56:01'),(35,'debts','success','DEBTS CLIENT JOB DONE SUCCESSFULLY.','2023-06-01 20:57:01','2023-06-01 20:57:01'),(36,'debts','success','DEBTS OWNER JOB DONE SUCCESSFULLY.','2023-06-01 20:57:01','2023-06-01 20:57:01'),(37,'debts','success','DEBTS CLIENT JOB DONE SUCCESSFULLY.','2023-06-01 20:58:01','2023-06-01 20:58:01'),(38,'debts','success','DEBTS OWNER JOB DONE SUCCESSFULLY.','2023-06-01 20:58:01','2023-06-01 20:58:01'),(39,'debts','success','DEBTS CLIENT JOB DONE SUCCESSFULLY.','2023-06-01 20:59:01','2023-06-01 20:59:01'),(40,'debts','success','DEBTS OWNER JOB DONE SUCCESSFULLY.','2023-06-01 20:59:01','2023-06-01 20:59:01'),(41,'debts','success','DEBTS CLIENT JOB DONE SUCCESSFULLY.','2023-06-01 21:00:01','2023-06-01 21:00:01'),(42,'debts','success','DEBTS OWNER JOB DONE SUCCESSFULLY.','2023-06-01 21:00:01','2023-06-01 21:00:01'),(43,'debts','success','DEBTS CLIENT JOB DONE SUCCESSFULLY.','2023-06-01 21:01:01','2023-06-01 21:01:01'),(44,'debts','success','DEBTS OWNER JOB DONE SUCCESSFULLY.','2023-06-01 21:01:02','2023-06-01 21:01:02'),(45,'debts','success','DEBTS CLIENT JOB DONE SUCCESSFULLY.','2023-06-01 21:02:02','2023-06-01 21:02:02'),(46,'debts','success','DEBTS OWNER JOB DONE SUCCESSFULLY.','2023-06-01 21:02:02','2023-06-01 21:02:02'),(47,'debts','success','DEBTS CLIENT JOB DONE SUCCESSFULLY.','2023-06-01 21:03:01','2023-06-01 21:03:01'),(48,'debts','success','DEBTS OWNER JOB DONE SUCCESSFULLY.','2023-06-01 21:03:01','2023-06-01 21:03:01'),(49,'debts','success','DEBTS CLIENT JOB DONE SUCCESSFULLY.','2023-06-01 21:10:57','2023-06-01 21:10:57'),(50,'debts','success','DEBTS CLIENT JOB DONE SUCCESSFULLY.','2023-06-01 21:13:25','2023-06-01 21:13:25'),(51,'debts','success','DEBTS OWNER JOB DONE SUCCESSFULLY.','2023-06-01 21:13:34','2023-06-01 21:13:34'),(52,'debts','success','DEBTS OWNER JOB DONE SUCCESSFULLY.','2023-06-01 21:16:35','2023-06-01 21:16:35'),(53,'debts','success','DEBTS CLIENT JOB DONE SUCCESSFULLY.','2023-06-06 20:59:30','2023-06-06 20:59:30'),(54,'debts','success','DEBTS CLIENT JOB DONE SUCCESSFULLY.','2023-06-06 21:04:10','2023-06-06 21:04:10'),(55,'debts','success','DEBTS CLIENT JOB DONE SUCCESSFULLY.','2023-06-06 21:09:44','2023-06-06 21:09:44'),(56,'debts','success','DEBTS CLIENT JOB DONE SUCCESSFULLY.','2023-06-06 21:21:47','2023-06-06 21:21:47'),(57,'debts','success','DEBTS CLIENT JOB DONE SUCCESSFULLY.','2023-06-06 21:22:58','2023-06-06 21:22:58'),(58,'debts','success','DEBTS CLIENT JOB DONE SUCCESSFULLY.','2023-06-06 21:36:41','2023-06-06 21:36:41'),(59,'debts','success','DEBTS OWNER JOB DONE SUCCESSFULLY.','2023-06-06 21:38:56','2023-06-06 21:38:56'),(60,'debts','success','DEBTS CLIENT JOB DONE SUCCESSFULLY.','2023-06-06 21:40:01','2023-06-06 21:40:01'),(61,'debts','success','DEBTS OWNER JOB DONE SUCCESSFULLY.','2023-06-06 21:40:01','2023-06-06 21:40:01'),(62,'debts','success','DEBTS CLIENT JOB DONE SUCCESSFULLY.','2023-08-27 00:04:13','2023-08-27 00:04:13'),(63,'debts','success','DEBTS OWNER JOB DONE SUCCESSFULLY.','2023-08-27 00:06:03','2023-08-27 00:06:03'),(64,'debts','success','DEBTS OWNER JOB DONE SUCCESSFULLY.','2023-12-01 03:00:00','2023-12-01 03:00:00'),(65,'debts','success','DEBTS CLIENT JOB DONE SUCCESSFULLY.','2023-12-01 03:00:00','2023-12-01 03:00:00');
/*!40000 ALTER TABLE `joblogs` ENABLE KEYS */;
UNLOCK TABLES;

--
-- Table structure for table `maillogs`
--

DROP TABLE IF EXISTS `maillogs`;
/*!40101 SET @saved_cs_client     = @@character_set_client */;
/*!50503 SET character_set_client = utf8mb4 */;
CREATE TABLE `maillogs` (
  `id` bigint NOT NULL AUTO_INCREMENT,
  `motive` varchar(255) NOT NULL,
  `status` tinyint(1) DEFAULT NULL,
  `createdAt` datetime NOT NULL,
  `updatedAt` datetime NOT NULL,
  `ClientId` bigint NOT NULL,
  `AssuranceId` bigint DEFAULT NULL,
  PRIMARY KEY (`id`),
  KEY `maillogs_AssuranceId_foreign_idx` (`AssuranceId`),
  KEY `ClientId` (`ClientId`),
  CONSTRAINT `maillogs_AssuranceId_foreign_idx` FOREIGN KEY (`AssuranceId`) REFERENCES `assurances` (`id`) ON UPDATE CASCADE,
  CONSTRAINT `maillogs_ibfk_1` FOREIGN KEY (`ClientId`) REFERENCES `clients` (`id`) ON UPDATE CASCADE
) ENGINE=InnoDB AUTO_INCREMENT=14 DEFAULT CHARSET=utf8mb4 COLLATE=utf8mb4_0900_ai_ci;
/*!40101 SET character_set_client = @saved_cs_client */;

--
-- Dumping data for table `maillogs`
--

LOCK TABLES `maillogs` WRITE;
/*!40000 ALTER TABLE `maillogs` DISABLE KEYS */;
INSERT INTO `maillogs` (`id`, `motive`, `status`, `createdAt`, `updatedAt`, `ClientId`, `AssuranceId`) VALUES (1,'VENCIMIENTO DE CONTRATO',1,'2023-12-01 02:18:57','2023-12-01 02:18:57',35,NULL),(2,'VENCIMIENTO DE CONTRATO',1,'2023-12-01 02:18:57','2023-12-01 02:18:57',7,NULL),(3,'VENCIMIENTO DE CONTRATO',1,'2023-12-01 02:18:57','2023-12-01 02:18:57',12,NULL),(4,'VENCIMIENTO DE CONTRATO',1,'2023-12-01 02:18:57','2023-12-01 02:18:57',10,NULL),(5,'VENCIMIENTO DE CONTRATO',1,'2023-12-01 02:18:57','2023-12-01 02:18:57',32,NULL),(6,'VENCIMIENTO DE CONTRATO',1,'2023-12-01 02:18:57','2023-12-01 02:18:57',33,NULL),(7,'VENCIMIENTO DE CONTRATO',1,'2023-12-01 02:20:46','2023-12-01 02:20:46',7,NULL),(8,'VENCIMIENTO DE CONTRATO',1,'2023-12-01 02:20:46','2023-12-01 02:20:46',10,NULL),(9,'DEUDA DE 4 MESES',1,'2023-12-01 02:34:58','2023-12-01 02:34:58',30,NULL),(10,'DEUDA DE 3 MESES',1,'2023-12-01 02:34:58','2023-12-01 02:34:58',38,NULL),(11,'DEUDA DE 2 MESES',1,'2023-12-01 02:34:59','2023-12-01 02:34:59',23,NULL),(12,'DEUDA DE 4 MESES',1,'2023-12-01 02:35:01','2023-12-01 02:35:01',30,3),(13,'DEUDA DE 4 MESES',1,'2023-12-01 02:35:01','2023-12-01 02:35:01',30,2);
/*!40000 ALTER TABLE `maillogs` ENABLE KEYS */;
UNLOCK TABLES;

--
-- Table structure for table `ownerexpenses`
--

DROP TABLE IF EXISTS `ownerexpenses`;
/*!40101 SET @saved_cs_client     = @@character_set_client */;
/*!50503 SET character_set_client = utf8mb4 */;
CREATE TABLE `ownerexpenses` (
  `id` bigint NOT NULL AUTO_INCREMENT,
  `description` varchar(255) NOT NULL,
  `amount` float NOT NULL,
  `date` date NOT NULL,
  `ContractId` bigint NOT NULL,
  `createdAt` datetime NOT NULL,
  `updatedAt` datetime NOT NULL,
  PRIMARY KEY (`id`),
  KEY `ContractId` (`ContractId`),
  CONSTRAINT `ownerexpenses_ibfk_1` FOREIGN KEY (`ContractId`) REFERENCES `contracts` (`id`) ON DELETE CASCADE ON UPDATE CASCADE
) ENGINE=InnoDB AUTO_INCREMENT=23 DEFAULT CHARSET=utf8mb4 COLLATE=utf8mb4_0900_ai_ci;
/*!40101 SET character_set_client = @saved_cs_client */;

--
-- Dumping data for table `ownerexpenses`
--

LOCK TABLES `ownerexpenses` WRITE;
/*!40000 ALTER TABLE `ownerexpenses` DISABLE KEYS */;
INSERT INTO `ownerexpenses` (`id`, `description`, `amount`, `date`, `ContractId`, `createdAt`, `updatedAt`) VALUES (1,'Aguas',1021,'2023-04-24',17,'2023-04-24 16:08:03','2023-05-02 00:55:00'),(2,'Tgi',1312,'2023-04-24',17,'2023-04-24 16:09:24','2023-05-02 00:55:00'),(3,'Tgi',1914,'2023-04-24',27,'2023-04-24 16:12:02','2023-05-02 00:55:01'),(4,'Aguas',1853,'2023-04-24',27,'2023-04-24 16:12:19','2023-05-02 00:55:01'),(5,'Api',305,'2023-04-24',27,'2023-04-24 16:12:34','2023-05-02 00:55:01'),(6,'Tgi',2054,'2023-04-24',26,'2023-04-24 16:13:10','2023-05-02 00:55:01'),(7,'Aguas',2190,'2023-04-24',26,'2023-04-24 16:13:32','2023-05-02 00:55:01'),(8,'Api',453,'2023-04-24',26,'2023-04-24 16:13:46','2023-05-02 00:55:01'),(9,'Seguro',500,'2023-05-06',54,'2023-05-06 23:53:16','2023-05-06 23:53:16'),(10,'Expensas',600,'2023-05-06',54,'2023-05-06 23:53:32','2023-05-06 23:53:32'),(11,'LUZ',1000,'2023-05-06',54,'2023-05-06 23:53:52','2023-05-06 23:53:52'),(12,'GAS',600,'2023-05-06',32,'2023-05-06 23:54:05','2023-05-06 23:54:05'),(13,'AGUAS',1500,'2023-05-06',54,'2023-05-06 23:54:19','2023-05-06 23:54:19'),(14,'TGI',300,'2023-05-06',54,'2023-05-06 23:54:32','2023-05-06 23:54:32'),(15,'API',300,'2023-05-06',54,'2023-05-06 23:54:45','2023-05-06 23:54:45'),(16,'Compensación',1600,'2023-05-06',54,'2023-05-06 23:54:56','2023-05-06 23:54:56'),(17,'AGUAS',500,'2023-05-06',32,'2023-05-06 23:55:12','2023-05-06 23:55:12'),(18,'API',490,'2023-05-06',32,'2023-05-06 23:55:27','2023-05-06 23:55:27'),(19,'Seguro',1900,'2023-05-06',32,'2023-05-06 23:55:40','2023-05-06 23:55:40'),(20,'Compensación',900,'2023-05-06',42,'2023-05-06 23:55:59','2023-05-06 23:55:59'),(21,'Seguro',90,'2023-05-11',50,'2023-05-11 22:20:05','2023-05-11 22:20:05'),(22,'LUZ',0,'2023-05-11',50,'2023-05-11 22:20:19','2023-05-11 22:20:19');
/*!40000 ALTER TABLE `ownerexpenses` ENABLE KEYS */;
UNLOCK TABLES;

--
-- Table structure for table `owners`
--

DROP TABLE IF EXISTS `owners`;
/*!40101 SET @saved_cs_client     = @@character_set_client */;
/*!50503 SET character_set_client = utf8mb4 */;
CREATE TABLE `owners` (
  `id` bigint NOT NULL AUTO_INCREMENT,
  `fullName` varchar(150) NOT NULL,
  `address` varchar(255) NOT NULL,
  `phone` varchar(20) NOT NULL,
  `fixedPhone` varchar(20) DEFAULT NULL,
  `email` varchar(255) NOT NULL,
  `commision` float NOT NULL,
  `cuit` varchar(255) NOT NULL,
  `province` varchar(70) DEFAULT NULL,
  `city` varchar(70) DEFAULT NULL,
  `codePostal` varchar(10) DEFAULT NULL,
  `obs` varchar(255) DEFAULT NULL,
  `createdAt` datetime NOT NULL,
  `updatedAt` datetime NOT NULL,
  `deletedAt` datetime DEFAULT NULL,
  PRIMARY KEY (`id`),
  UNIQUE KEY `owners_phone_unique` (`phone`),
  UNIQUE KEY `owners_email_unique` (`email`),
  UNIQUE KEY `owners_cuit_unique` (`cuit`)
) ENGINE=InnoDB AUTO_INCREMENT=48 DEFAULT CHARSET=utf8mb4 COLLATE=utf8mb4_0900_ai_ci;
/*!40101 SET character_set_client = @saved_cs_client */;

--
-- Dumping data for table `owners`
--

LOCK TABLES `owners` WRITE;
/*!40000 ALTER TABLE `owners` DISABLE KEYS */;
INSERT INTO `owners` (`id`, `fullName`, `address`, `phone`, `fixedPhone`, `email`, `commision`, `cuit`, `province`, `city`, `codePostal`, `obs`, `createdAt`, `updatedAt`, `deletedAt`) VALUES (1,'ABEL DOMINGO MARI','Pje. Juan Thorne 5447','155068197','4620608','abelmari@live.com.ar',10,'12.110.099','Santa Fe','','2000','C 150','2023-04-18 16:41:06','2023-05-02 00:54:58',NULL),(2,'ADRIANA CIRAOLO','Montevideo 3478','Alberto 3415662232','00','ahc2729@gmail.com',10,'13.077.780','Santa Fe','ROSARIO','2000','C 184  mAIL: adricira18@hotmail.com','2023-04-18 16:46:00','2023-05-02 00:54:58',NULL),(3,'ALDO / BARBARA FERNÁNDEZ','San Martín 812','155-812512','03466-420207','barbarafernandez@hotmail.com',10,'L.E. 6.022.807','Santa Fe','BARRANCAS','2246','GABOTO 1821 04-02 C- 117 //  CERRITO 553 02-03  C-123 // GABOTO 1875 06-04 C- 118','2023-04-18 16:52:52','2023-05-02 00:54:58',NULL),(4,'ALEJANDRO TORASSA','Bv. Segui 1164','154-003183','00','torassa@gmail.com',10,'7.624.684','Santa Fe','ROSARIO','2000','C 108','2023-04-18 16:56:12','2023-05-02 00:54:58',NULL),(5,'ALFREDO FÉLIX PAPIS','Cda. Ricardone 1242 piso 10 B','156-010871','4406894','papisalfredo@hotmail.com',10,'24-06052100-6','Santa Fe','ROSARIO','2000','C 186','2023-04-18 16:58:36','2023-05-02 00:54:58',NULL),(6,'ANTONIO RAUL CIPRIANI','Tucumán 893','3402484090/109','03402-461362 CASA','farmacip@yahoo.com.ar',10,'8.523.713','Santa Fe','ALVAREZ','2107','C 131','2023-04-18 17:08:44','2023-05-02 00:54:58',NULL),(8,'CLIBE ELOISA GARCIA','Saavedra 1966','HIJA 3415947158','4-818738','lilianavargastaller@gmail.com',10,'F.2.793.571','Santa Fe','ROSARIO','2000','C 104','2023-04-18 17:17:24','2023-05-02 00:54:58',NULL),(9,'ATILIO GUILLERMO GRAZZIUTTI','SARMIENTO 1274 07-01','3489 51-9750','','aggrazziutti@gmail.com',10,'11.874.157 ','Santa Fe','ROSARIO','2000','C 182','2023-04-18 17:28:50','2023-05-02 00:54:58',NULL),(10,'RUBEN ALEGRA','Larrea 1949','3415210276 ','','alegraivann@gmail.com',10,'14.426.280','Santa Fe','ROSARIO','2000','C 106','2023-04-18 17:31:54','2023-05-02 00:54:58',NULL),(12,'ELIDA IANNOTI','Alsina 1050','3416457387','4386267','lalalalala@hotmail.com',10,'3.756.753','Santa Fe','ROSARIO','2000','C 116','2023-04-18 17:39:25','2023-05-02 00:54:58',NULL),(13,'ESTHER BRUNETTI DE BORGA','Pje. Chilavert 5616','153218041','4639167','carinabbor@gmail.com',10,'16.812.916','Santa Fe','ROSARIO','2000','C 176','2023-04-18 17:45:32','2023-05-02 00:54:58',NULL),(14,'FERNANDO FABIO CESCO','el inmigrante 1142','3464-15507353','','cescofernando@hotmail.com',10,'20.478.573','Santa Fe','AREQUITO','2183','C 202','2023-04-18 17:48:24','2023-05-02 00:54:58',NULL),(15,'HAYDEE ELIDA BERTOLDO','CORRIENTES 1273','3416588041','00','nanci_1514@hotmail.com',1,'11447701','Santa Fe','ROSARIO','2000','C 143','2023-04-18 17:51:13','2023-05-02 00:54:58',NULL),(16,'HUGO PEDRO MOTTA','Av. Julian de Bustinza 1323','341 642-2856 Flor ','','inmobiliaria.centro.1980@gmail.com',10,'7.649.952','Santa Fe','PIAMONTE','2529','C 203','2023-04-18 17:57:31','2023-05-02 00:54:58',NULL),(17,'JOSÉ ALBERTO RAISSIGUIER','Suipacha 978','3416762224','4399577','ivana.a.corazza@gmail.com',10,'Suipacha 978','Santa Fe','ROSARIO','2000','C 183','2023-04-18 18:00:31','2023-05-02 00:54:58',NULL),(18,'LILIANA LARRICQ','Necochea 1334 10 A','156-173130','152618073','ivanacorazza018@gmail.com',8,' 3.896.263','Santa Fe','ROSARIO','2000','C 171','2023-04-18 18:03:21','2023-05-02 00:54:58',NULL),(19,'LILIANA VENANZI','Pedro del Castillo 1814 \"B\" ','0261-3366056','','hvenanzi@gmail.com',8,'22.095.369','Mendoza','GODOY CRUZ','5501','C 152','2023-04-18 18:05:55','2023-05-02 00:54:58',NULL),(20,'MARCELO EDGARDO HERNANDEZ','España 437 01-04','341-5941580','','mh042769@gmail.com',10,'20.745.397','Santa Fe','ROSARIO','2000','C 198','2023-04-18 18:11:05','2023-05-02 00:54:58',NULL),(21,'EDUARDO BATTISTON','Juez Zuviria 228 Bis','3416407902','','ivana.corazza@hotmail.com',10,'******','','ROSARIO','2000','C 153','2023-04-18 18:17:55','2023-05-02 00:54:58',NULL),(22,'M. DE LOS ANGELES PESCE','Tucuman 524 - Leones','3472-25437882','','mariapesce1984@gmail.com',10,'30.350.315','Córdoba','MARCOS JUAREZ','2580','C 175','2023-04-19 14:16:47','2023-05-02 00:54:58',NULL),(26,'MARCELA FERNÁNDEZ','Laprida 1170 5ºB','3415 026541','3416 138921 Alcira','fernandezmachi@hotmail.com',10,'22.777.818','Santa Fe','ROSARIO','2000','C 114','2023-04-19 14:26:05','2023-05-02 00:54:58',NULL),(28,'MARIA TERESA ANTEZZA','Av. Francia 3825','3416 715437','4317352','lalalal.ala@hotmail.com',10,'93.125.098','Santa Fe','ROSARIO','2000','Sarmiento 1247 01-02  C 177   //  Riobamba 40 Bis C 196','2023-04-19 14:30:29','2023-05-02 00:54:58',NULL),(29,'NESTOR GAUNA / MARIANELA GONZALEZ','Italia 3539 timbre 4','3415 71-8164','00','gauna0758@gmail.com',10,'20.176.116','Santa Fe','ROSARIO','2000','C 161','2023-04-19 14:36:02','2023-05-02 00:54:58',NULL),(30,'MARIELA ARANDA','PPPPPPPPPPPPP','2284224812','','aranda.mariela@gmail.com',10,'23.438.649','Santa Fe','ROSARIO','2000','C 151','2023-04-19 14:51:23','2023-05-02 00:54:58',NULL),(31,'MARTA NELIDA CARBONELLA','Pellegrini 1146 02-01','3416657650','4484555','555555555555@HOTMAIL.COM',10,'5.081.550','Santa Fe','ROSARIO','2000','C 136','2023-04-19 15:09:21','2023-05-02 00:54:58',NULL),(37,'OSVALDO VALLE BIGLIA','Santa Fe 242','3464-461412','3464-692695','lilivallebiglia@gmail.com',10,'6.121.041','Santa Fe','BIGAND','2177','C 132','2023-04-19 15:14:45','2023-05-02 00:54:58',NULL),(38,'PATRICIA PILAR ECEIZA','Rioja 1021 10-03','156226867','Josefa 3416680933','patriciaeceiza@gmail.con',10,'27-16418810-3','Santa Fe','ROSARIO','2000','C 103','2023-04-19 15:20:03','2023-05-02 00:54:58',NULL),(39,'ROBERTO ANGHINOLFI','San Martín 230','03404-15631001','03404-431287','33333333333@hotmail.com',10,'6.245.088','Santa Fe','GALVEZ','2252','C 188','2023-04-19 15:24:58','2023-05-02 00:54:58',NULL),(40,'ROSA CRISTINA LACASIN','Rioja 2739 02-03','156439530','4404920','888888888@hotmail.com',10,'5.819.502','Santa Fe','ROSARIO','2000','C 165','2023-04-19 15:27:30','2023-05-02 00:54:58',NULL),(41,'ROSA GIURICICH','SARMIENTO 1247 08-03','3416492071','','xxxxxxxxx@hotmail.com',10,'8.788.066','Santa Fe','ROSARIO','2000','c 185','2023-04-19 15:29:26','2023-05-02 00:54:58',NULL),(42,'RUBEN MARIO BENELLI','Maivinas Argentinas 827','Diego 341-3061480','4941718','arqbenelli@yahoo.com.ar',10,'6.172.548','Santa Fe','CARCARAÑA','2138','C 112','2023-04-19 15:38:46','2023-05-02 00:54:58',NULL),(43,'SARA I. C. ERNALZ DE ZACCARÍA','Tucumán 166','0343-4225039','','666666666@hotmail.com',10,'23-02354836-4','Entre Ríos','PARANA','3100','C 110','2023-04-19 15:46:23','2023-05-02 00:54:58',NULL),(44,'STELLA MARIS CHIAPPE','Bv. jose maria aldao 1650','3468-15640224','3468-416240','chiappe.sm@gmail.com',10,'27-05751260-7','Córdoba','CAMILO ALDAO','2585','C 197','2023-04-19 15:50:32','2023-05-02 00:54:58',NULL),(45,'JOSÉ ALBERTO RAISSIGUIER','Suipacha 978','156-762224','4399577','XXXXXX@GMAIL.COM',10,'6.541.535','Santa Fe','ROSARIO','2000','','2023-04-20 17:48:06','2023-05-02 00:54:58',NULL),(46,'BEATRIZ SCARMIATTI','9 de julio 1475 03-02','3415316739','','000000000@GMAIL.COM',10,'00000000','Santa Fe','ROSARIO','2000','','2023-04-20 17:49:45','2023-05-02 00:54:58',NULL),(47,'ANTONIETA FERNANDEZ','San Martin 815','3416 520469','','fernandez.antonieta@hotmail.com',10,'23-30.374.816-4','Santa Fe','BARRANCAS','2246','','2023-04-21 14:34:37','2023-05-02 00:54:58',NULL);
/*!40000 ALTER TABLE `owners` ENABLE KEYS */;
UNLOCK TABLES;

--
-- Table structure for table `paymentclients`
--

DROP TABLE IF EXISTS `paymentclients`;
/*!40101 SET @saved_cs_client     = @@character_set_client */;
/*!50503 SET character_set_client = utf8mb4 */;
CREATE TABLE `paymentclients` (
  `id` bigint NOT NULL AUTO_INCREMENT,
  `ContractId` bigint NOT NULL,
  `PaymentTypeId` bigint NOT NULL,
  `recharge` float NOT NULL DEFAULT '0',
  `year` int NOT NULL,
  `month` varchar(15) NOT NULL,
  `total` float NOT NULL,
  `paidTotal` float DEFAULT NULL,
  `obs` varchar(500) DEFAULT NULL,
  `paidCurrentMonth` tinyint(1) NOT NULL DEFAULT '0',
  `expenseDetails` longtext,
  `eventualityDetails` longtext,
  `createdAt` date DEFAULT NULL,
  `updatedAt` date DEFAULT NULL,
  `deletedAt` datetime DEFAULT NULL,
  PRIMARY KEY (`id`),
  KEY `hghfghgf_idx` (`ContractId`),
  KEY `PaymentTypeId` (`PaymentTypeId`),
  CONSTRAINT `paymentclients_ibfk_31` FOREIGN KEY (`ContractId`) REFERENCES `contracts` (`id`) ON DELETE CASCADE ON UPDATE CASCADE,
  CONSTRAINT `paymentclients_ibfk_32` FOREIGN KEY (`PaymentTypeId`) REFERENCES `paymenttypes` (`id`) ON UPDATE CASCADE
) ENGINE=InnoDB AUTO_INCREMENT=44 DEFAULT CHARSET=utf8mb4 COLLATE=utf8mb4_0900_ai_ci;
/*!40101 SET character_set_client = @saved_cs_client */;

--
-- Dumping data for table `paymentclients`
--

LOCK TABLES `paymentclients` WRITE;
/*!40000 ALTER TABLE `paymentclients` DISABLE KEYS */;
INSERT INTO `paymentclients` (`id`, `ContractId`, `PaymentTypeId`, `recharge`, `year`, `month`, `total`, `paidTotal`, `obs`, `paidCurrentMonth`, `expenseDetails`, `eventualityDetails`, `createdAt`, `updatedAt`, `deletedAt`) VALUES (8,44,1,0,2023,'Mayo',4724,0,'',0,'[{\"id\":110,\"description\":\"Compensación Mayo/2023\",\"amount\":700,\"date\":\"2023-05-04\",\"ContractId\":44,\"createdAt\":\"2023-05-04T17:08:43.000Z\",\"updatedAt\":\"2023-05-04T17:08:43.000Z\"},{\"id\":109,\"description\":\"LUZ Mayo/2023\",\"amount\":1200,\"date\":\"2023-05-04\",\"ContractId\":44,\"createdAt\":\"2023-05-04T17:08:28.000Z\",\"updatedAt\":\"2023-05-04T17:08:28.000Z\"},{\"id\":10,\"description\":\"Seguro Mayo/2023\",\"amount\":2824,\"date\":\"2023-04-24\",\"ContractId\":44,\"createdAt\":\"2023-04-24T15:00:47.000Z\",\"updatedAt\":\"2023-05-02T00:55:00.000Z\"}]','[]','2023-05-04','2023-05-04',NULL),(9,54,3,0,2023,'Mayo',9014.2,0,'',1,'[{\"ContractId\":54,\"date\":\"2023-05-04\",\"updatedAt\":\"2023-05-04T22:03:52.565Z\",\"deletedAt\":null,\"description\":\"ALQUILER Gaboto 3573 00 03 Mayo/2023\",\"amount\":4010,\"createdAt\":\"1683237832565\",\"paidCurrentMonth\":true,\"id\":\"150e105b-cc28-4815-a147-ee0945842b86\"},{\"ContractId\":54,\"date\":\"2023-05-04\",\"updatedAt\":\"2023-05-04T22:03:52.566Z\",\"deletedAt\":null,\"description\":\"GASTOS BANCARIOS Mayo/2023\",\"amount\":500,\"createdAt\":\"1683237832566\",\"id\":\"18a6b298-fe17-468b-a3da-a0fceaeb8441\"},{\"id\":108,\"description\":\"Seguro Mayo/2023\",\"amount\":3224,\"date\":\"2023-04-26\",\"ContractId\":54,\"createdAt\":\"2023-04-26T12:28:58.000Z\",\"updatedAt\":\"2023-05-02T00:55:00.000Z\"},{\"id\":107,\"description\":\"Expensas Mayo/2023\",\"amount\":1200,\"date\":\"2023-04-26\",\"ContractId\":54,\"createdAt\":\"2023-04-26T12:27:38.000Z\",\"updatedAt\":\"2023-05-02T00:55:00.000Z\"},{\"ContractId\":54,\"date\":\"2023-05-04\",\"updatedAt\":\"2023-05-04T22:03:52.568Z\",\"deletedAt\":null,\"description\":\"GASTOS DE GESTION Mayo/2023\",\"amount\":80.2,\"createdAt\":\"1683237832568\",\"id\":\"28b1906b-e121-48e6-81dd-8e19997f8e11\",\"checked\":true}]','[]','2023-05-04','2023-05-04',NULL),(10,50,3,0,2023,'Mayo',34274,0,'',1,'[{\"ContractId\":50,\"date\":\"2023-05-04\",\"updatedAt\":\"2023-05-04T22:10:22.233Z\",\"deletedAt\":null,\"description\":\"ALQUILER Sarmiento 1247 03 07 Mayo/2023\",\"amount\":26300,\"createdAt\":\"1683238222233\",\"paidCurrentMonth\":true,\"id\":\"b2add9d6-bfbb-48c5-95b7-9ff701d3aca2\"},{\"ContractId\":50,\"date\":\"2023-05-04\",\"updatedAt\":\"2023-05-04T22:10:22.234Z\",\"deletedAt\":null,\"description\":\"GASTOS BANCARIOS Mayo/2023\",\"amount\":500,\"createdAt\":\"1683238222234\",\"id\":\"abb78a54-41ee-438a-baa5-a48945fd0c92\"},{\"id\":52,\"description\":\"Gastos Bancarios Mayo/2023\",\"amount\":500,\"date\":\"2023-04-24\",\"ContractId\":50,\"createdAt\":\"2023-04-24T15:26:47.000Z\",\"updatedAt\":\"2023-05-02T00:55:00.000Z\"},{\"id\":3,\"description\":\"Seguro Mayo/2023\",\"amount\":3224,\"date\":\"2023-04-24\",\"ContractId\":50,\"createdAt\":\"2023-04-24T14:52:31.000Z\",\"updatedAt\":\"2023-05-02T00:55:00.000Z\"},{\"id\":2,\"description\":\"Seguro Mayo/2023\",\"amount\":3224,\"date\":\"2023-04-24\",\"ContractId\":50,\"createdAt\":\"2023-04-24T14:52:18.000Z\",\"updatedAt\":\"2023-05-02T00:55:00.000Z\"},{\"ContractId\":50,\"date\":\"2023-05-04\",\"updatedAt\":\"2023-05-04T22:10:22.234Z\",\"deletedAt\":null,\"description\":\"GASTOS DE GESTION Mayo/2023\",\"amount\":526,\"createdAt\":\"1683238222234\",\"id\":\"fac4ca69-13b5-477b-931e-2c71a01def4b\",\"checked\":true}]','[]','2023-05-04','2023-05-04',NULL),(11,50,1,0,2023,'Mayo',19259.8,0,'',0,'[{\"id\":235,\"ContractId\":50,\"year\":2023,\"amount\":3224,\"description\":\"Seguro Abril/2023\",\"month\":4,\"paid\":false,\"rent\":false,\"debt\":true,\"paidDate\":null,\"createdAt\":\"2023-05-04\",\"updatedAt\":\"2023-05-04\"},{\"id\":233,\"ContractId\":50,\"year\":2023,\"amount\":3224,\"description\":\"Seguro Abril/2023\",\"month\":4,\"paid\":false,\"rent\":false,\"debt\":true,\"paidDate\":null,\"createdAt\":\"2023-05-04\",\"updatedAt\":\"2023-05-04\"},{\"id\":234,\"ContractId\":50,\"year\":2023,\"amount\":3224,\"description\":\"Seguro Abril/2023\",\"month\":4,\"paid\":false,\"rent\":false,\"debt\":true,\"paidDate\":null,\"createdAt\":\"2023-05-04\",\"updatedAt\":\"2023-05-04\"},{\"id\":232,\"ContractId\":50,\"year\":2023,\"amount\":789,\"description\":\"GASTOS DE GESTION Abril/2023\",\"month\":4,\"paid\":false,\"rent\":false,\"debt\":true,\"paidDate\":null,\"createdAt\":\"2023-05-04\",\"updatedAt\":\"2023-05-04\"},{\"id\":236,\"ContractId\":50,\"year\":2023,\"amount\":500,\"description\":\"Gastos Bancarios Abril/2023\",\"month\":4,\"paid\":false,\"rent\":false,\"debt\":true,\"paidDate\":null,\"createdAt\":\"2023-05-04\",\"updatedAt\":\"2023-05-04\"}]','[{\"id\":1,\"PropertyId\":53,\"paymentId\":null,\"clientAmount\":8298.8,\"ownerAmount\":0,\"clientPaid\":false,\"isReverted\":false,\"ownerPaid\":true,\"description\":\"Diferencia a favor sobre el cobro Abril/2023\",\"expiredDate\":\"2023-05-24\",\"createdAt\":\"2023-04-24T14:41:29.000Z\",\"updatedAt\":\"2023-05-02T00:55:01.000Z\"}]','2023-05-04','2023-05-04',NULL),(12,41,1,672,2023,'Mayo',125692,112230,'',0,'[{\"ContractId\":41,\"date\":\"2023-05-08\",\"updatedAt\":\"2023-05-08T15:37:16.626Z\",\"deletedAt\":null,\"description\":\"ALQUILER Zeballos 867 08 03 Mayo/2023\",\"amount\":56000,\"createdAt\":\"1683560236626\",\"paidCurrentMonth\":true,\"id\":\"3d1b6e48-e191-4a6d-9936-dfdf77503786\"},{\"id\":13,\"description\":\"Seguro Mayo/2023\",\"amount\":3224,\"date\":\"2023-04-24\",\"ContractId\":41,\"createdAt\":\"2023-04-24T15:01:21.000Z\",\"updatedAt\":\"2023-05-02T00:55:00.000Z\"},{\"id\":388,\"ContractId\":41,\"year\":2023,\"amount\":500,\"description\":\"Gastos Bancarios Mayo/2023\",\"month\":5,\"paid\":false,\"rent\":false,\"debt\":true,\"paidDate\":null,\"createdAt\":\"2023-05-04\",\"updatedAt\":\"2023-05-04\"},{\"id\":386,\"ContractId\":41,\"year\":2023,\"amount\":1680,\"description\":\"GASTOS DE GESTION Mayo/2023\",\"month\":5,\"paid\":false,\"rent\":false,\"debt\":true,\"paidDate\":null,\"createdAt\":\"2023-05-04\",\"updatedAt\":\"2023-05-04\"},{\"id\":192,\"ContractId\":41,\"year\":2023,\"amount\":56000,\"description\":\"ALQUILER Zeballos 867 08 03 Abril/2023\",\"month\":4,\"paid\":false,\"rent\":true,\"debt\":true,\"paidDate\":null,\"createdAt\":\"2023-05-04\",\"updatedAt\":\"2023-05-04\"},{\"id\":\"c3441e83-47e9-4db0-8cac-b1c5e034e708\",\"ContractId\":41,\"year\":2023,\"amount\":7616,\"description\":\"PUNITORIOS ALQUILER Zeballos 867 08 03 Abril/2023\",\"month\":4,\"paid\":false,\"rent\":false,\"debt\":false,\"paidDate\":null,\"createdAt\":\"1683560236630\",\"updatedAt\":\"2023-05-04\",\"debtParentId\":192,\"recharge\":true}]','[]','2023-05-08','2023-05-08',NULL),(13,39,2,222,2023,'Mayo',26595,20000.2,'',0,'[{\"id\":64,\"description\":\"Gastos Bancarios Mayo/2023\",\"amount\":500,\"date\":\"2023-04-24\",\"ContractId\":39,\"createdAt\":\"2023-04-24T15:28:59.000Z\",\"updatedAt\":\"2023-05-02T00:55:00.000Z\"},{\"ContractId\":39,\"date\":\"2023-05-08\",\"updatedAt\":\"2023-05-08T15:40:51.762Z\",\"deletedAt\":null,\"description\":\"ALQUILER Mitre 2458 02 03 Mayo/2023\",\"amount\":18500,\"createdAt\":\"1683560451762\",\"paidCurrentMonth\":true,\"id\":\"a49f5fde-0950-4c12-af64-43b588e0255d\"},{\"id\":185,\"ContractId\":39,\"year\":2023,\"amount\":3224,\"description\":\"Seguro Abril/2023\",\"month\":4,\"paid\":false,\"rent\":false,\"debt\":true,\"paidDate\":null,\"createdAt\":\"2023-05-04\",\"updatedAt\":\"2023-05-04\"},{\"id\":377,\"ContractId\":39,\"year\":2023,\"amount\":555,\"description\":\"GASTOS DE GESTION Mayo/2023\",\"month\":5,\"paid\":false,\"rent\":false,\"debt\":true,\"paidDate\":null,\"createdAt\":\"2023-05-04\",\"updatedAt\":\"2023-05-04\"},{\"id\":378,\"ContractId\":39,\"year\":2023,\"amount\":3224,\"description\":\"Seguro Mayo/2023\",\"month\":5,\"paid\":false,\"rent\":false,\"debt\":true,\"paidDate\":null,\"createdAt\":\"2023-05-04\",\"updatedAt\":\"2023-05-04\"},{\"ContractId\":39,\"date\":\"2023-05-08\",\"updatedAt\":\"2023-05-08T15:40:51.763Z\",\"deletedAt\":null,\"description\":\"GASTOS DE GESTION Mayo/2023\",\"amount\":370,\"createdAt\":\"1683560451763\",\"id\":\"57054ab6-77ca-47a8-abd4-4b79f8cd6a04\",\"checked\":true}]','[]','2023-05-08','2023-05-08',NULL),(14,39,3,444,2023,'Mayo',6601.75,0,'',0,'[]','[{\"id\":11,\"PropertyId\":11,\"paymentId\":13,\"clientAmount\":6601.75,\"ownerAmount\":0,\"clientPaid\":false,\"isReverted\":true,\"ownerPaid\":true,\"description\":\"Saldo Mayo/2023\",\"expiredDate\":\"2023-06-07\",\"createdAt\":\"2023-05-08T15:41:29.000Z\",\"updatedAt\":\"2023-05-11T15:23:31.000Z\"},{\"id\":3,\"PropertyId\":11,\"paymentId\":null,\"clientAmount\":0,\"ownerAmount\":-9312,\"clientPaid\":false,\"isReverted\":false,\"ownerPaid\":false,\"description\":\"Fac. 9135 Sanitarios Pasco, compra conexiones baño\",\"expiredDate\":\"2023-04-24\",\"createdAt\":\"2023-04-24T17:47:55.000Z\",\"updatedAt\":\"2023-05-02T00:55:01.000Z\"}]','2023-05-11','2023-05-11',NULL),(15,39,2,444,2023,'Mayo',22793,9090,'',0,'[{\"ContractId\":39,\"date\":\"2023-05-11\",\"updatedAt\":\"2023-05-11T22:14:38.114Z\",\"deletedAt\":null,\"description\":\"GASTOS BANCARIOS Mayo/2023\",\"amount\":500,\"createdAt\":\"1683843278114\",\"id\":\"ebb08378-6b18-4b23-b3bd-3a714cfeb6cb\"},{\"id\":183,\"ContractId\":39,\"year\":2023,\"amount\":18500,\"description\":\"ALQUILER Mitre 2458 02 03 Abril/2023\",\"month\":4,\"paid\":false,\"rent\":true,\"debt\":true,\"paidDate\":null,\"createdAt\":\"2023-05-04\",\"updatedAt\":\"2023-05-04\"},{\"id\":\"0aab5089-f7c5-4f48-b510-bd68ba46f771\",\"ContractId\":39,\"year\":2023,\"amount\":2738,\"description\":\"PUNITORIOS ALQUILER Mitre 2458 02 03 Abril/2023\",\"month\":4,\"paid\":false,\"rent\":false,\"debt\":false,\"paidDate\":null,\"createdAt\":\"1683843278119\",\"updatedAt\":\"2023-05-04\",\"debtParentId\":183,\"recharge\":true},{\"id\":184,\"ContractId\":39,\"year\":2023,\"amount\":555,\"description\":\"GASTOS DE GESTION Abril/2023\",\"month\":4,\"paid\":false,\"rent\":false,\"debt\":true,\"paidDate\":null,\"createdAt\":\"2023-05-04\",\"updatedAt\":\"2023-05-04\"},{\"id\":186,\"ContractId\":39,\"year\":2023,\"amount\":500,\"description\":\"Gastos Bancarios Abril/2023\",\"month\":4,\"paid\":false,\"rent\":false,\"debt\":true,\"paidDate\":null,\"createdAt\":\"2023-05-04\",\"updatedAt\":\"2023-05-04\"}]','[]','2023-05-11','2023-05-11',NULL),(16,55,3,0,2023,'Junio',1858,0,'',0,'[{\"id\":114,\"description\":\"TGI Junio/2023\",\"amount\":78,\"date\":\"2023-06-05\",\"ContractId\":55,\"createdAt\":\"2023-06-05T23:12:29.000Z\",\"updatedAt\":\"2023-06-05T23:12:29.000Z\"},{\"ContractId\":55,\"date\":\"2023-06-05\",\"updatedAt\":\"2023-06-05T23:12:34.857Z\",\"deletedAt\":null,\"description\":\"GASTOS DE GESTION Junio/2023\",\"amount\":1780,\"createdAt\":\"1686006754858\",\"id\":\"8c687943-2371-450d-a78b-d997998f22df\",\"checked\":true}]','[]','2023-06-05','2023-06-05',NULL),(17,49,3,297,2023,'Junio',25997,0,'',0,'[{\"ContractId\":49,\"date\":\"2023-06-07\",\"updatedAt\":\"2023-06-07T01:20:18.313Z\",\"deletedAt\":null,\"description\":\"ALQUILER Caferatta 2033 03 03 Junio/2023\",\"amount\":24700,\"createdAt\":\"1686100818313\",\"paidCurrentMonth\":true,\"id\":\"0f4d074c-d300-4187-b1d8-82eb1a54b85a\"},{\"ContractId\":49,\"date\":\"2023-06-07\",\"updatedAt\":\"2023-06-07T01:20:18.313Z\",\"deletedAt\":null,\"description\":\"GASTOS BANCARIOS Junio/2023\",\"amount\":500,\"createdAt\":\"1686100818313\",\"id\":\"a84dd565-cdd6-489b-b849-a2f0d981c658\"},{\"id\":418,\"ContractId\":49,\"year\":2023,\"amount\":500,\"description\":\"Gastos Bancarios Mayo/2023\",\"month\":5,\"paid\":false,\"rent\":false,\"debt\":true,\"paidDate\":null,\"createdAt\":\"2023-05-04\",\"updatedAt\":\"2023-05-04\"}]','[]','2023-06-06','2023-06-06',NULL),(19,49,1,0,2023,'Junio',1732,0,'',0,'[{\"id\":53,\"description\":\"Gastos Bancarios Junio/2023\",\"amount\":500,\"date\":\"2023-04-24\",\"ContractId\":49,\"createdAt\":\"2023-04-24T15:26:57.000Z\",\"updatedAt\":\"2023-05-02T00:55:00.000Z\"},{\"ContractId\":49,\"date\":\"2023-06-07\",\"updatedAt\":\"2023-06-07T01:25:06.411Z\",\"deletedAt\":null,\"description\":\"GASTOS DE GESTION Junio/2023\",\"amount\":494,\"createdAt\":\"1686101106411\",\"id\":\"7898c76a-2f8c-4e94-b85a-2f22a76ccacc\",\"checked\":true}]','[{\"id\":26,\"PropertyId\":2,\"paymentId\":18,\"clientAmount\":738,\"ownerAmount\":0,\"clientPaid\":false,\"isReverted\":true,\"ownerPaid\":true,\"description\":\"Saldo Junio/2023\",\"expiredDate\":\"2023-07-06\",\"createdAt\":\"2023-06-07T01:24:42.000Z\",\"updatedAt\":\"2023-06-07T01:24:42.000Z\"}]','2023-06-06','2023-06-06',NULL),(21,49,2,0,2023,'Junio',37966,30000,'pago en cuota',0,'[{\"id\":417,\"ContractId\":49,\"year\":2023,\"amount\":3224,\"description\":\"Seguro Mayo/2023\",\"month\":5,\"paid\":false,\"rent\":false,\"debt\":true,\"paidDate\":null,\"createdAt\":\"2023-05-04\",\"updatedAt\":\"2023-06-11\"},{\"id\":229,\"ContractId\":49,\"year\":2023,\"amount\":3224,\"description\":\"Seguro Abril/2023\",\"month\":4,\"paid\":false,\"rent\":false,\"debt\":true,\"paidDate\":null,\"createdAt\":\"2023-05-04\",\"updatedAt\":\"2023-06-11\"},{\"id\":227,\"ContractId\":49,\"year\":2023,\"amount\":24700,\"description\":\"ALQUILER Caferatta 2033 03 03 Abril/2023\",\"month\":4,\"paid\":false,\"rent\":true,\"debt\":true,\"paidDate\":null,\"createdAt\":\"2023-05-04\",\"updatedAt\":\"2023-06-11\"},{\"id\":\"d7a3be53-589c-45d5-b6bf-e2e2908966e9\",\"ContractId\":49,\"year\":2023,\"amount\":6818,\"description\":\"PUNITORIOS ALQUILER Caferatta 2033 03 03 Abril/2023\",\"month\":4,\"paid\":false,\"rent\":false,\"debt\":false,\"paidDate\":null,\"createdAt\":\"1686584132207\",\"updatedAt\":\"2023-06-11\",\"debtParentId\":227,\"recharge\":true}]','[]','2023-06-12','2023-06-12',NULL),(24,44,1,559,2023,'Junio',57970,0,'',0,'[{\"ContractId\":44,\"date\":\"2023-06-12\",\"updatedAt\":\"2023-06-12T19:57:00.885Z\",\"deletedAt\":null,\"description\":\"ALQUILER sarmiento 1247 07 02 Junio/2023\",\"amount\":19935,\"createdAt\":\"1686599820885\",\"paidCurrentMonth\":true,\"id\":\"2e6ecdd4-2eb9-456f-880d-9a7cb69d640e\"},{\"id\":112,\"description\":\"TGI Junio/2023\",\"amount\":2000,\"date\":\"2023-05-04\",\"ContractId\":44,\"createdAt\":\"2023-05-04T17:09:27.000Z\",\"updatedAt\":\"2023-05-04T17:09:27.000Z\"},{\"id\":442,\"ContractId\":44,\"year\":2023,\"amount\":400,\"description\":\"API Mayo/2023\",\"month\":5,\"paid\":false,\"rent\":false,\"debt\":true,\"paidDate\":null,\"createdAt\":\"2023-06-12\",\"updatedAt\":\"2023-06-12\"},{\"id\":440,\"ContractId\":44,\"year\":2023,\"amount\":500,\"description\":\"GASTOS BANCARIOS Mayo/2023\",\"month\":5,\"paid\":false,\"rent\":false,\"debt\":true,\"paidDate\":null,\"createdAt\":\"2023-06-12\",\"updatedAt\":\"2023-06-12\"},{\"id\":397,\"ContractId\":44,\"year\":2023,\"amount\":13290,\"description\":\"ALQUILER sarmiento 1247 07 02 Mayo/2023\",\"month\":5,\"paid\":false,\"rent\":true,\"debt\":true,\"paidDate\":null,\"createdAt\":\"2023-05-04\",\"updatedAt\":\"2023-06-12\"},{\"id\":\"1dd5b33b-051a-4104-acf5-d3a9609a5033\",\"ContractId\":44,\"year\":2023,\"amount\":2074,\"description\":\"PUNITORIOS ALQUILER sarmiento 1247 07 02 Mayo/2023\",\"month\":5,\"paid\":false,\"rent\":false,\"debt\":false,\"paidDate\":null,\"createdAt\":\"1686599820892\",\"updatedAt\":\"2023-06-12\",\"debtParentId\":397,\"recharge\":true},{\"id\":204,\"ContractId\":44,\"year\":2023,\"amount\":13290,\"description\":\"ALQUILER sarmiento 1247 07 02 Abril/2023\",\"month\":4,\"paid\":false,\"rent\":true,\"debt\":true,\"paidDate\":null,\"createdAt\":\"2023-05-04\",\"updatedAt\":\"2023-06-12\"},{\"id\":\"ff4c07db-74df-4dd9-b56c-3b821039bf85\",\"ContractId\":44,\"year\":2023,\"amount\":3669,\"description\":\"PUNITORIOS ALQUILER sarmiento 1247 07 02 Abril/2023\",\"month\":4,\"paid\":false,\"rent\":false,\"debt\":false,\"paidDate\":null,\"createdAt\":\"1686599820892\",\"updatedAt\":\"2023-06-12\",\"debtParentId\":204,\"recharge\":true},{\"id\":439,\"ContractId\":44,\"year\":2023,\"amount\":2000,\"description\":\"TGI Septiembre/2023\",\"month\":9,\"paid\":false,\"rent\":false,\"debt\":true,\"paidDate\":null,\"createdAt\":\"2023-06-06\",\"updatedAt\":\"2023-06-06\"},{\"ContractId\":44,\"date\":\"2023-06-12\",\"updatedAt\":\"2023-06-12T19:57:00.886Z\",\"deletedAt\":null,\"description\":\"GASTOS DE GESTION Junio/2023\",\"amount\":399,\"createdAt\":\"1686599820886\",\"id\":\"dfe3b510-a2cf-4c79-a901-14d0760a1348\",\"checked\":true}]','[{\"id\":19,\"PropertyId\":15,\"paymentId\":null,\"clientAmount\":-90,\"ownerAmount\":-122,\"clientPaid\":false,\"isReverted\":false,\"ownerPaid\":false,\"description\":\"MONTO NEGATIVO\",\"expiredDate\":\"2023-05-16\",\"createdAt\":\"2023-05-15T15:55:32.000Z\",\"updatedAt\":\"2023-06-12T16:20:42.000Z\"},{\"id\":20,\"PropertyId\":15,\"paymentId\":null,\"clientAmount\":-56,\"ownerAmount\":56,\"clientPaid\":false,\"isReverted\":false,\"ownerPaid\":false,\"description\":\"NAGATIVO Y POSITIVO\",\"expiredDate\":\"2023-05-16\",\"createdAt\":\"2023-05-15T15:55:58.000Z\",\"updatedAt\":\"2023-05-15T15:55:58.000Z\"}]','2023-06-12','2023-06-12',NULL),(25,55,1,7120,2023,'Julio',99378,0,'',0,'[{\"ContractId\":55,\"date\":\"2023-07-25\",\"updatedAt\":\"2023-07-25T13:16:25.639Z\",\"deletedAt\":null,\"description\":\"ALQUILER Zeballos 74 01 04 Julio/2023\",\"amount\":89000,\"createdAt\":\"1690290985639\",\"paidCurrentMonth\":true,\"id\":\"9b469d38-db09-4abd-b388-a40ea5c233fc\"},{\"ContractId\":55,\"date\":\"2023-07-25\",\"updatedAt\":\"2023-07-25T13:16:25.640Z\",\"deletedAt\":null,\"description\":\"GASTOS BANCARIOS Julio/2023\",\"amount\":500,\"createdAt\":\"1690290985640\",\"id\":\"bd7fd445-2cef-4dfe-83a8-324395dd389c\"},{\"id\":114,\"description\":\"TGI Julio/2023\",\"amount\":78,\"date\":\"2023-06-05\",\"ContractId\":55,\"createdAt\":\"2023-06-05T23:12:29.000Z\",\"updatedAt\":\"2023-06-05T23:12:29.000Z\"},{\"ContractId\":55,\"date\":\"2023-07-25\",\"updatedAt\":\"2023-07-25T13:16:25.640Z\",\"deletedAt\":null,\"description\":\"GASTOS DE GESTION Julio/2023\",\"amount\":1780,\"createdAt\":\"1690290985640\",\"id\":\"888a4c60-8c60-43a1-871c-b882470ca602\",\"checked\":true}]','[{\"id\":25,\"PropertyId\":26,\"paymentId\":null,\"clientAmount\":900,\"ownerAmount\":787,\"clientPaid\":false,\"isReverted\":false,\"ownerPaid\":true,\"description\":\"test Jean Finalizado\",\"expiredDate\":\"2023-06-06\",\"createdAt\":\"2023-06-05T23:10:54.000Z\",\"updatedAt\":\"2023-06-12T15:27:28.000Z\"}]','2023-07-25','2023-07-25',NULL),(26,47,4,0,2023,'Agosto',500,0,'',0,'[{\"ContractId\":47,\"date\":\"2023-08-11\",\"updatedAt\":\"2023-08-11T01:59:59.807Z\",\"deletedAt\":null,\"description\":\"GASTOS BANCARIOS Agosto/2023\",\"amount\":500,\"createdAt\":\"1691719199807\",\"id\":\"50166e44-f1ed-49f9-b9ec-367fdeb5fd58\"}]','[]','2023-08-10','2023-08-10',NULL),(28,43,4,0,2023,'Agosto',24645,0,'',0,'[{\"id\":202,\"ContractId\":43,\"year\":2023,\"amount\":3224,\"description\":\"Seguro Abril/2023\",\"month\":4,\"paid\":false,\"rent\":false,\"debt\":true,\"paidDate\":null,\"createdAt\":\"2023-05-04\",\"updatedAt\":\"2023-05-04\"},{\"id\":200,\"ContractId\":43,\"year\":2023,\"amount\":13800,\"description\":\"ALQUILER Sarmiento 1247 06 07 Abril/2023\",\"month\":4,\"paid\":false,\"rent\":true,\"debt\":true,\"paidDate\":null,\"createdAt\":\"2023-05-04\",\"updatedAt\":\"2023-05-04\"},{\"id\":\"98e84aae-4625-42df-89f6-b5bede33e163\",\"ContractId\":43,\"year\":2023,\"amount\":7121,\"description\":\"PUNITORIOS ALQUILER Sarmiento 1247 06 07 Abril/2023\",\"month\":4,\"paid\":false,\"rent\":false,\"debt\":false,\"paidDate\":null,\"createdAt\":\"1691720272412\",\"updatedAt\":\"2023-05-04\",\"debtParentId\":200,\"recharge\":true}]','[]','2023-08-10','2023-08-10',NULL),(29,44,2,0,2023,'Agosto',10322,0,'cobro deudas de abril/2023',0,'[{\"id\":210,\"ContractId\":44,\"year\":2023,\"amount\":800,\"description\":\"AGUAS Abril/2023\",\"month\":4,\"paid\":false,\"rent\":false,\"debt\":true,\"paidDate\":null,\"createdAt\":\"2023-05-04\",\"updatedAt\":\"2023-05-04\"},{\"id\":209,\"ContractId\":44,\"year\":2023,\"amount\":2000,\"description\":\"TGI Abril/2023\",\"month\":4,\"paid\":false,\"rent\":false,\"debt\":true,\"paidDate\":null,\"createdAt\":\"2023-05-04\",\"updatedAt\":\"2023-05-04\"},{\"id\":208,\"ContractId\":44,\"year\":2023,\"amount\":700,\"description\":\"Compensación Abril/2023\",\"month\":4,\"paid\":false,\"rent\":false,\"debt\":true,\"paidDate\":null,\"createdAt\":\"2023-05-04\",\"updatedAt\":\"2023-05-04\"},{\"id\":207,\"ContractId\":44,\"year\":2023,\"amount\":1200,\"description\":\"LUZ Abril/2023\",\"month\":4,\"paid\":false,\"rent\":false,\"debt\":true,\"paidDate\":null,\"createdAt\":\"2023-05-04\",\"updatedAt\":\"2023-05-04\"},{\"id\":205,\"ContractId\":44,\"year\":2023,\"amount\":398.7,\"description\":\"GASTOS DE GESTION Abril/2023\",\"month\":4,\"paid\":false,\"rent\":false,\"debt\":true,\"paidDate\":null,\"createdAt\":\"2023-05-04\",\"updatedAt\":\"2023-05-04\"},{\"id\":206,\"ContractId\":44,\"year\":2023,\"amount\":2824,\"description\":\"Seguro Abril/2023\",\"month\":4,\"paid\":false,\"rent\":false,\"debt\":true,\"paidDate\":null,\"createdAt\":\"2023-05-04\",\"updatedAt\":\"2023-05-04\"},{\"id\":398,\"ContractId\":44,\"year\":2023,\"amount\":398.7,\"description\":\"GASTOS DE GESTION Mayo/2023\",\"month\":5,\"paid\":false,\"rent\":false,\"debt\":true,\"paidDate\":null,\"createdAt\":\"2023-05-04\",\"updatedAt\":\"2023-05-04\"},{\"id\":441,\"ContractId\":44,\"year\":2023,\"amount\":2000,\"description\":\"TGI Mayo/2023\",\"month\":5,\"paid\":false,\"rent\":false,\"debt\":true,\"paidDate\":null,\"createdAt\":\"2023-06-12\",\"updatedAt\":\"2023-06-12\"}]','[]','2023-08-15','2023-08-15',NULL),(30,44,4,0,2023,'Agosto',24598,0,'sobro de agosto y septiembre',0,'[{\"id\":425,\"ContractId\":44,\"year\":2023,\"amount\":800,\"description\":\"AGUAS Agosto/2023\",\"month\":8,\"paid\":false,\"rent\":false,\"debt\":true,\"paidDate\":null,\"createdAt\":\"2023-06-06\",\"updatedAt\":\"2023-06-06\"},{\"id\":424,\"ContractId\":44,\"year\":2023,\"amount\":2000,\"description\":\"TGI Agosto/2023\",\"month\":8,\"paid\":false,\"rent\":false,\"debt\":true,\"paidDate\":null,\"createdAt\":\"2023-06-06\",\"updatedAt\":\"2023-06-06\"},{\"id\":423,\"ContractId\":44,\"year\":2023,\"amount\":700,\"description\":\"Compensación Agosto/2023\",\"month\":8,\"paid\":false,\"rent\":false,\"debt\":true,\"paidDate\":null,\"createdAt\":\"2023-06-06\",\"updatedAt\":\"2023-06-06\"},{\"id\":422,\"ContractId\":44,\"year\":2023,\"amount\":1200,\"description\":\"LUZ Agosto/2023\",\"month\":8,\"paid\":false,\"rent\":false,\"debt\":true,\"paidDate\":null,\"createdAt\":\"2023-06-06\",\"updatedAt\":\"2023-06-06\"},{\"id\":421,\"ContractId\":44,\"year\":2023,\"amount\":2824,\"description\":\"Seguro Agosto/2023\",\"month\":8,\"paid\":false,\"rent\":false,\"debt\":true,\"paidDate\":null,\"createdAt\":\"2023-06-06\",\"updatedAt\":\"2023-06-06\"},{\"id\":420,\"ContractId\":44,\"year\":2023,\"amount\":398.7,\"description\":\"GASTOS DE GESTION Agosto/2023\",\"month\":8,\"paid\":false,\"rent\":false,\"debt\":true,\"paidDate\":null,\"createdAt\":\"2023-06-06\",\"updatedAt\":\"2023-06-06\"},{\"id\":419,\"ContractId\":44,\"year\":2023,\"amount\":13290,\"description\":\"ALQUILER sarmiento 1247 07 02 Agosto/2023\",\"month\":8,\"paid\":false,\"rent\":true,\"debt\":true,\"paidDate\":null,\"createdAt\":\"2023-06-06\",\"updatedAt\":\"2023-06-06\"},{\"id\":\"b20dc90b-3f7b-4e5b-96d1-83f7fc38fd72\",\"ContractId\":44,\"year\":2023,\"amount\":585,\"description\":\"PUNITORIOS ALQUILER sarmiento 1247 07 02 Agosto/2023\",\"month\":8,\"paid\":false,\"rent\":false,\"debt\":false,\"paidDate\":null,\"createdAt\":\"1692143205409\",\"updatedAt\":\"2023-06-06\",\"debtParentId\":419,\"recharge\":true},{\"id\":438,\"ContractId\":44,\"year\":2023,\"amount\":400,\"description\":\"API Septiembre/2023\",\"month\":9,\"paid\":false,\"rent\":false,\"debt\":true,\"paidDate\":null,\"createdAt\":\"2023-06-06\",\"updatedAt\":\"2023-06-06\"},{\"id\":437,\"ContractId\":44,\"year\":2023,\"amount\":700,\"description\":\"Compensación Septiembre/2023\",\"month\":9,\"paid\":false,\"rent\":false,\"debt\":true,\"paidDate\":null,\"createdAt\":\"2023-06-06\",\"updatedAt\":\"2023-06-06\"},{\"id\":436,\"ContractId\":44,\"year\":2023,\"amount\":1200,\"description\":\"LUZ Septiembre/2023\",\"month\":9,\"paid\":false,\"rent\":false,\"debt\":true,\"paidDate\":null,\"createdAt\":\"2023-06-06\",\"updatedAt\":\"2023-06-06\"},{\"id\":1692143250212,\"name\":\"Gastos Bancarios\",\"amount\":500,\"isBankExpense\":true,\"createdAt\":\"2023-08-15T23:47:30.212Z\"}]','[]','2023-08-15','2023-08-15',NULL),(31,44,4,1700,2023,'Agosto',53197,0,'',0,'[{\"ContractId\":44,\"date\":\"2023-08-16\",\"updatedAt\":\"2023-08-16T00:08:18.817Z\",\"deletedAt\":null,\"description\":\"ALQUILER sarmiento 1247 07 02 Agosto/2023\",\"amount\":42500,\"createdAt\":\"1692144498817\",\"paidCurrentMonth\":true,\"id\":\"755abcc7-ed94-45a9-a493-98bf94a0631b\"},{\"id\":113,\"description\":\"AGUAS Agosto/2023\",\"amount\":800,\"date\":\"2023-05-04\",\"ContractId\":44,\"createdAt\":\"2023-05-04T19:33:57.000Z\",\"updatedAt\":\"2023-05-04T19:33:57.000Z\"},{\"id\":110,\"description\":\"Compensación Agosto/2023\",\"amount\":700,\"date\":\"2023-05-04\",\"ContractId\":44,\"createdAt\":\"2023-05-04T17:08:43.000Z\",\"updatedAt\":\"2023-05-04T17:08:43.000Z\"},{\"id\":112,\"description\":\"TGI Agosto/2023\",\"amount\":2000,\"date\":\"2023-05-04\",\"ContractId\":44,\"createdAt\":\"2023-05-04T17:09:27.000Z\",\"updatedAt\":\"2023-05-04T17:09:27.000Z\"},{\"id\":109,\"description\":\"LUZ Agosto/2023\",\"amount\":1200,\"date\":\"2023-05-04\",\"ContractId\":44,\"createdAt\":\"2023-05-04T17:08:28.000Z\",\"updatedAt\":\"2023-05-04T17:08:28.000Z\"},{\"id\":10,\"description\":\"Seguro Agosto/2023\",\"amount\":2824,\"date\":\"2023-04-24\",\"ContractId\":44,\"createdAt\":\"2023-04-24T15:00:47.000Z\",\"updatedAt\":\"2023-05-02T00:55:00.000Z\"},{\"ContractId\":44,\"date\":\"2023-08-16\",\"updatedAt\":\"2023-08-16T00:08:18.817Z\",\"deletedAt\":null,\"description\":\"GASTOS DE GESTION Agosto/2023\",\"amount\":850,\"createdAt\":\"1692144498817\",\"id\":\"6751724f-6446-461d-9a39-6bdadb0751d4\",\"checked\":true},{\"id\":1692144519500,\"name\":\"Gastos Bancarios\",\"amount\":500,\"isBankExpense\":true,\"createdAt\":\"2023-08-16T00:08:39.500Z\"}]','[{\"id\":12,\"PropertyId\":15,\"paymentId\":null,\"clientAmount\":123,\"ownerAmount\":12,\"clientPaid\":false,\"isReverted\":false,\"ownerPaid\":false,\"description\":\"JEAN HILAIRE COSA\",\"expiredDate\":\"2023-05-11\",\"createdAt\":\"2023-05-11T15:31:57.000Z\",\"updatedAt\":\"2023-06-12T16:28:43.000Z\"}]','2023-08-15','2023-08-15',NULL),(32,44,4,3570,2023,'Agosto',54944,0,'',0,'[{\"ContractId\":44,\"date\":\"2023-08-27\",\"updatedAt\":\"2023-08-27T00:40:16.462Z\",\"deletedAt\":null,\"description\":\"ALQUILER sarmiento 1247 07 02 Agosto/2023\",\"amount\":42500,\"createdAt\":\"1693096816462\",\"paidCurrentMonth\":true,\"id\":\"4963438a-6f61-44f8-a1a4-301f4158fef2\"},{\"id\":113,\"description\":\"AGUAS Agosto/2023\",\"amount\":800,\"date\":\"2023-05-04\",\"ContractId\":44,\"createdAt\":\"2023-05-04T19:33:57.000Z\",\"updatedAt\":\"2023-05-04T19:33:57.000Z\"},{\"id\":112,\"description\":\"TGI Agosto/2023\",\"amount\":2000,\"date\":\"2023-05-04\",\"ContractId\":44,\"createdAt\":\"2023-05-04T17:09:27.000Z\",\"updatedAt\":\"2023-05-04T17:09:27.000Z\"},{\"id\":110,\"description\":\"Compensación Agosto/2023\",\"amount\":700,\"date\":\"2023-05-04\",\"ContractId\":44,\"createdAt\":\"2023-05-04T17:08:43.000Z\",\"updatedAt\":\"2023-05-04T17:08:43.000Z\"},{\"id\":109,\"description\":\"LUZ Agosto/2023\",\"amount\":1200,\"date\":\"2023-05-04\",\"ContractId\":44,\"createdAt\":\"2023-05-04T17:08:28.000Z\",\"updatedAt\":\"2023-05-04T17:08:28.000Z\"},{\"id\":10,\"description\":\"Seguro Agosto/2023\",\"amount\":2824,\"date\":\"2023-04-24\",\"ContractId\":44,\"createdAt\":\"2023-04-24T15:00:47.000Z\",\"updatedAt\":\"2023-05-02T00:55:00.000Z\"},{\"ContractId\":44,\"date\":\"2023-08-27\",\"updatedAt\":\"2023-08-27T00:40:16.463Z\",\"deletedAt\":null,\"description\":\"GASTOS DE GESTION Agosto/2023\",\"amount\":850,\"createdAt\":\"1693096816463\",\"id\":\"e8ade7ac-0d94-42eb-88ee-b88c9798b728\",\"checked\":true},{\"id\":1693096835418,\"name\":\"Gastos Bancarios\",\"amount\":500,\"isBankExpense\":true,\"createdAt\":\"2023-08-27T00:40:35.418Z\"}]','[]','2023-08-26','2023-08-26',NULL),(33,44,3,3570,2023,'Agosto',54444,0,'',1,'[{\"ContractId\":44,\"date\":\"2023-08-27\",\"updatedAt\":\"2023-08-27T00:50:27.990Z\",\"deletedAt\":null,\"description\":\"ALQUILER sarmiento 1247 07 02 Agosto/2023\",\"amount\":42500,\"createdAt\":\"1693097427990\",\"paidCurrentMonth\":true,\"id\":\"0e18915c-764c-43c5-bcaa-f155cfbd1d1e\"},{\"id\":113,\"description\":\"AGUAS Agosto/2023\",\"amount\":800,\"date\":\"2023-05-04\",\"ContractId\":44,\"createdAt\":\"2023-05-04T19:33:57.000Z\",\"updatedAt\":\"2023-05-04T19:33:57.000Z\"},{\"id\":112,\"description\":\"TGI Agosto/2023\",\"amount\":2000,\"date\":\"2023-05-04\",\"ContractId\":44,\"createdAt\":\"2023-05-04T17:09:27.000Z\",\"updatedAt\":\"2023-05-04T17:09:27.000Z\"},{\"id\":110,\"description\":\"Compensación Agosto/2023\",\"amount\":700,\"date\":\"2023-05-04\",\"ContractId\":44,\"createdAt\":\"2023-05-04T17:08:43.000Z\",\"updatedAt\":\"2023-05-04T17:08:43.000Z\"},{\"id\":109,\"description\":\"LUZ Agosto/2023\",\"amount\":1200,\"date\":\"2023-05-04\",\"ContractId\":44,\"createdAt\":\"2023-05-04T17:08:28.000Z\",\"updatedAt\":\"2023-05-04T17:08:28.000Z\"},{\"id\":10,\"description\":\"Seguro Agosto/2023\",\"amount\":2824,\"date\":\"2023-04-24\",\"ContractId\":44,\"createdAt\":\"2023-04-24T15:00:47.000Z\",\"updatedAt\":\"2023-05-02T00:55:00.000Z\"},{\"ContractId\":44,\"date\":\"2023-08-27\",\"updatedAt\":\"2023-08-27T00:50:27.990Z\",\"deletedAt\":null,\"description\":\"GASTOS DE GESTION Agosto/2023\",\"amount\":850,\"createdAt\":\"1693097427990\",\"id\":\"e0138168-bfda-41bc-8b59-a59637a6a967\",\"checked\":true}]','[]','2023-08-26','2023-08-26',NULL),(34,44,1,0,2023,'Agosto',76167,0,'',0,'[{\"id\":601,\"ContractId\":44,\"year\":2023,\"amount\":2000,\"description\":\"TGI Julio/2023\",\"month\":7,\"paid\":false,\"rent\":false,\"debt\":true,\"paidDate\":null,\"createdAt\":\"2023-08-26\",\"updatedAt\":\"2023-08-26\"},{\"id\":600,\"ContractId\":44,\"year\":2023,\"amount\":400,\"description\":\"API Julio/2023\",\"month\":7,\"paid\":false,\"rent\":false,\"debt\":true,\"paidDate\":null,\"createdAt\":\"2023-08-26\",\"updatedAt\":\"2023-08-26\"},{\"id\":599,\"ContractId\":44,\"year\":2023,\"amount\":700,\"description\":\"Compensación Julio/2023\",\"month\":7,\"paid\":false,\"rent\":false,\"debt\":true,\"paidDate\":null,\"createdAt\":\"2023-08-26\",\"updatedAt\":\"2023-08-26\"},{\"id\":598,\"ContractId\":44,\"year\":2023,\"amount\":1200,\"description\":\"LUZ Julio/2023\",\"month\":7,\"paid\":false,\"rent\":false,\"debt\":true,\"paidDate\":null,\"createdAt\":\"2023-08-26\",\"updatedAt\":\"2023-08-26\"},{\"id\":596,\"ContractId\":44,\"year\":2023,\"amount\":1275,\"description\":\"GASTOS DE GESTION Julio/2023\",\"month\":7,\"paid\":false,\"rent\":false,\"debt\":true,\"paidDate\":null,\"createdAt\":\"2023-08-26\",\"updatedAt\":\"2023-08-26\"},{\"id\":597,\"ContractId\":44,\"year\":2023,\"amount\":2824,\"description\":\"Seguro Julio/2023\",\"month\":7,\"paid\":false,\"rent\":false,\"debt\":true,\"paidDate\":null,\"createdAt\":\"2023-08-26\",\"updatedAt\":\"2023-08-26\"},{\"id\":595,\"ContractId\":44,\"year\":2023,\"amount\":42500,\"description\":\"ALQUILER sarmiento 1247 07 02 Julio/2023\",\"month\":7,\"paid\":false,\"rent\":true,\"debt\":true,\"paidDate\":null,\"createdAt\":\"2023-08-26\",\"updatedAt\":\"2023-08-26\"},{\"id\":\"27be4d4f-f54f-4a0d-8cb6-5b49c2ad3442\",\"ContractId\":44,\"year\":2023,\"amount\":9180,\"description\":\"PUNITORIOS ALQUILER sarmiento 1247 07 02 Julio/2023\",\"month\":7,\"paid\":false,\"rent\":false,\"debt\":false,\"paidDate\":null,\"createdAt\":\"1693097483093\",\"updatedAt\":\"2023-08-26\",\"debtParentId\":595,\"recharge\":true},{\"id\":435,\"ContractId\":44,\"year\":2023,\"amount\":2824,\"description\":\"Seguro Septiembre/2023\",\"month\":9,\"paid\":false,\"rent\":false,\"debt\":true,\"paidDate\":null,\"createdAt\":\"2023-06-06\",\"updatedAt\":\"2023-06-06\"},{\"id\":434,\"ContractId\":44,\"year\":2023,\"amount\":398.7,\"description\":\"GASTOS DE GESTION Septiembre/2023\",\"month\":9,\"paid\":false,\"rent\":false,\"debt\":true,\"paidDate\":null,\"createdAt\":\"2023-06-06\",\"updatedAt\":\"2023-06-06\"},{\"id\":433,\"ContractId\":44,\"year\":2023,\"amount\":13290,\"description\":\"ALQUILER sarmiento 1247 07 02 Septiembre/2023\",\"month\":9,\"paid\":false,\"rent\":true,\"debt\":true,\"paidDate\":null,\"createdAt\":\"2023-06-06\",\"updatedAt\":\"2023-06-06\"},{\"id\":\"ddfac219-7775-4625-97c9-988a2c3aecc9\",\"ContractId\":44,\"year\":2023,\"amount\":-425,\"description\":\"PUNITORIOS ALQUILER sarmiento 1247 07 02 Septiembre/2023\",\"month\":9,\"paid\":false,\"rent\":false,\"debt\":false,\"paidDate\":null,\"createdAt\":\"1693097483093\",\"updatedAt\":\"2023-06-06\",\"debtParentId\":433,\"recharge\":true}]','[]','2023-08-26','2023-08-26',NULL),(35,35,3,1982,2023,'Agosto',69282,0,'',1,'[{\"ContractId\":35,\"date\":\"2023-08-27\",\"updatedAt\":\"2023-08-27T01:13:18.426Z\",\"deletedAt\":null,\"description\":\"ALQUILER Gaboto 3573 00 04 Agosto/2023\",\"amount\":23586,\"createdAt\":\"1693098798426\",\"paidCurrentMonth\":true,\"id\":\"100257d9-c93e-42a1-8a29-6294c58374bf\"},{\"id\":16,\"description\":\"Seguro Agosto/2023\",\"amount\":3224,\"date\":\"2023-04-24\",\"ContractId\":35,\"createdAt\":\"2023-04-24T15:01:57.000Z\",\"updatedAt\":\"2023-05-02T00:55:00.000Z\"},{\"id\":179,\"ContractId\":35,\"year\":2023,\"amount\":3224,\"description\":\"Seguro Abril/2023\",\"month\":4,\"paid\":false,\"rent\":false,\"debt\":true,\"paidDate\":null,\"createdAt\":\"2023-05-04\",\"updatedAt\":\"2023-05-04\"},{\"id\":177,\"ContractId\":35,\"year\":2023,\"amount\":23586,\"description\":\"ALQUILER Gaboto 3573 00 04 Abril/2023\",\"month\":4,\"paid\":false,\"rent\":true,\"debt\":true,\"paidDate\":null,\"createdAt\":\"2023-05-04\",\"updatedAt\":\"2023-05-04\"},{\"id\":\"536306af-364d-46fb-8887-3e87e9c7c572\",\"ContractId\":35,\"year\":2023,\"amount\":13680,\"description\":\"PUNITORIOS ALQUILER Gaboto 3573 00 04 Abril/2023\",\"month\":4,\"paid\":false,\"rent\":false,\"debt\":false,\"paidDate\":null,\"createdAt\":\"1693098798428\",\"updatedAt\":\"2023-05-04\",\"debtParentId\":177,\"recharge\":true}]','[]','2023-08-26','2023-08-26',NULL),(36,42,4,4200,2023,'Agosto',125448,0,'',1,'[{\"ContractId\":42,\"date\":\"2023-08-27\",\"updatedAt\":\"2023-08-27T01:14:04.612Z\",\"deletedAt\":null,\"description\":\"ALQUILER Corrientes 1273 07 02 Agosto/2023\",\"amount\":50000,\"createdAt\":\"1693098844612\",\"paidCurrentMonth\":true,\"id\":\"6b362744-178c-46e6-866b-ad4aeaaeced9\"},{\"id\":60,\"description\":\"Gastos Bancarios Agosto/2023\",\"amount\":500,\"date\":\"2023-04-24\",\"ContractId\":42,\"createdAt\":\"2023-04-24T15:28:09.000Z\",\"updatedAt\":\"2023-05-02T00:55:00.000Z\"},{\"id\":12,\"description\":\"Seguro Agosto/2023\",\"amount\":3224,\"date\":\"2023-04-24\",\"ContractId\":42,\"createdAt\":\"2023-04-24T15:01:11.000Z\",\"updatedAt\":\"2023-05-02T00:55:00.000Z\"},{\"id\":587,\"ContractId\":42,\"year\":2023,\"amount\":50000,\"description\":\"ALQUILER Corrientes 1273 07 02 Julio/2023\",\"month\":7,\"paid\":false,\"rent\":true,\"debt\":true,\"paidDate\":null,\"createdAt\":\"2023-08-26\",\"updatedAt\":\"2023-08-26\"},{\"id\":\"e4708e92-517f-4d6f-aa59-b13b0ccd15bc\",\"ContractId\":42,\"year\":2023,\"amount\":10800,\"description\":\"PUNITORIOS ALQUILER Corrientes 1273 07 02 Julio/2023\",\"month\":7,\"paid\":false,\"rent\":false,\"debt\":false,\"paidDate\":null,\"createdAt\":\"1693098844617\",\"updatedAt\":\"2023-08-26\",\"debtParentId\":587,\"recharge\":true},{\"id\":588,\"ContractId\":42,\"year\":2023,\"amount\":1500,\"description\":\"GASTOS DE GESTION Julio/2023\",\"month\":7,\"paid\":false,\"rent\":false,\"debt\":true,\"paidDate\":null,\"createdAt\":\"2023-08-26\",\"updatedAt\":\"2023-08-26\"},{\"id\":589,\"ContractId\":42,\"year\":2023,\"amount\":3224,\"description\":\"Seguro Julio/2023\",\"month\":7,\"paid\":false,\"rent\":false,\"debt\":true,\"paidDate\":null,\"createdAt\":\"2023-08-26\",\"updatedAt\":\"2023-08-26\"},{\"id\":590,\"ContractId\":42,\"year\":2023,\"amount\":500,\"description\":\"Gastos Bancarios Julio/2023\",\"month\":7,\"paid\":false,\"rent\":false,\"debt\":true,\"paidDate\":null,\"createdAt\":\"2023-08-26\",\"updatedAt\":\"2023-08-26\"},{\"ContractId\":42,\"date\":\"2023-08-27\",\"updatedAt\":\"2023-08-27T01:14:04.612Z\",\"deletedAt\":null,\"description\":\"GASTOS DE GESTION Agosto/2023\",\"amount\":1000,\"createdAt\":\"1693098844612\",\"id\":\"08184a0e-0016-44b3-a60f-595bc67cb202\",\"checked\":true},{\"id\":1693098866016,\"name\":\"Gastos Bancarios\",\"amount\":500,\"isBankExpense\":true,\"createdAt\":\"2023-08-27T01:14:26.016Z\"}]','[]','2023-08-26','2023-08-26',NULL),(37,56,4,0,2023,'Septiembre',72600,70000,'',1,'[{\"ContractId\":56,\"date\":\"2023-09-05\",\"updatedAt\":\"2023-09-05T21:02:04.724Z\",\"deletedAt\":null,\"description\":\"ALQUILER Pellegrini 1068 01 03 Septiembre/2023\",\"amount\":70000,\"createdAt\":\"1693947724724\",\"paidCurrentMonth\":true,\"id\":\"324268d5-5eab-4747-9fd2-82f7115b96e7\"},{\"ContractId\":56,\"date\":\"2023-09-05\",\"updatedAt\":\"2023-09-05T21:02:04.724Z\",\"deletedAt\":null,\"description\":\"GASTOS DE GESTION Septiembre/2023\",\"amount\":2100,\"createdAt\":\"1693947724724\",\"id\":\"9d272452-803c-4461-98b9-f177127aaf36\",\"checked\":true},{\"id\":1693947761616,\"name\":\"Gastos Bancarios\",\"amount\":500,\"isBankExpense\":true,\"createdAt\":\"2023-09-05T21:02:41.616Z\"}]','[]','2023-09-05','2023-09-05',NULL),(38,29,1,0,2023,'Septiembre',1660,1600,'',0,'[{\"id\":163,\"ContractId\":29,\"year\":2023,\"amount\":500,\"description\":\"Gastos Bancarios Abril/2023\",\"month\":4,\"paid\":false,\"rent\":false,\"debt\":true,\"paidDate\":null,\"createdAt\":\"2023-05-04\",\"updatedAt\":\"2023-05-04\"},{\"id\":354,\"ContractId\":29,\"year\":2023,\"amount\":660,\"description\":\"GASTOS DE GESTION Mayo/2023\",\"month\":5,\"paid\":false,\"rent\":false,\"debt\":true,\"paidDate\":null,\"createdAt\":\"2023-05-04\",\"updatedAt\":\"2023-05-04\"},{\"id\":554,\"ContractId\":29,\"year\":2023,\"amount\":500,\"description\":\"Gastos Bancarios Julio/2023\",\"month\":7,\"paid\":false,\"rent\":false,\"debt\":true,\"paidDate\":null,\"createdAt\":\"2023-08-26\",\"updatedAt\":\"2023-08-26\"}]','[]','2023-09-05','2023-09-05',NULL),(39,29,1,0,2023,'Septiembre',102676,90000,'',1,'[{\"ContractId\":29,\"date\":\"2023-09-05\",\"updatedAt\":\"2023-09-05T21:06:17.578Z\",\"deletedAt\":null,\"description\":\"ALQUILER Sarmiento 1247 06 08 Septiembre/2023\",\"amount\":22000,\"createdAt\":\"1693947977578\",\"paidCurrentMonth\":true,\"id\":\"23ca2070-725c-4591-955e-5763f3fa575d\"},{\"id\":70,\"description\":\"Gastos Bancarios Septiembre/2023\",\"amount\":500,\"date\":\"2023-04-24\",\"ContractId\":29,\"createdAt\":\"2023-04-24T15:30:17.000Z\",\"updatedAt\":\"2023-05-02T00:55:00.000Z\"},{\"id\":20,\"description\":\"Seguro Septiembre/2023\",\"amount\":3224,\"date\":\"2023-04-24\",\"ContractId\":29,\"createdAt\":\"2023-04-24T15:02:44.000Z\",\"updatedAt\":\"2023-05-02T00:55:00.000Z\"},{\"id\":162,\"ContractId\":29,\"year\":2023,\"amount\":3224,\"description\":\"Seguro Abril/2023\",\"month\":4,\"paid\":false,\"rent\":false,\"debt\":true,\"paidDate\":null,\"createdAt\":\"2023-05-04\",\"updatedAt\":\"2023-05-04\"},{\"id\":161,\"ContractId\":29,\"year\":2023,\"amount\":660,\"description\":\"GASTOS DE GESTION Abril/2023\",\"month\":4,\"paid\":false,\"rent\":false,\"debt\":true,\"paidDate\":null,\"createdAt\":\"2023-05-04\",\"updatedAt\":\"2023-05-04\"},{\"id\":160,\"ContractId\":29,\"year\":2023,\"amount\":22000,\"description\":\"ALQUILER Sarmiento 1247 06 08 Abril/2023\",\"month\":4,\"paid\":false,\"rent\":true,\"debt\":true,\"paidDate\":null,\"createdAt\":\"2023-05-04\",\"updatedAt\":\"2023-05-04\"},{\"id\":\"d3b5d88e-3f60-4e94-b093-331537e921a9\",\"ContractId\":29,\"year\":2023,\"amount\":13552,\"description\":\"PUNITORIOS ALQUILER Sarmiento 1247 06 08 Abril/2023\",\"month\":4,\"paid\":false,\"rent\":false,\"debt\":false,\"paidDate\":null,\"createdAt\":\"1693947977582\",\"updatedAt\":\"2023-05-04\",\"debtParentId\":160,\"recharge\":true},{\"id\":356,\"ContractId\":29,\"year\":2023,\"amount\":500,\"description\":\"Gastos Bancarios Mayo/2023\",\"month\":5,\"paid\":false,\"rent\":false,\"debt\":true,\"paidDate\":null,\"createdAt\":\"2023-05-04\",\"updatedAt\":\"2023-05-04\"},{\"id\":355,\"ContractId\":29,\"year\":2023,\"amount\":3224,\"description\":\"Seguro Mayo/2023\",\"month\":5,\"paid\":false,\"rent\":false,\"debt\":true,\"paidDate\":null,\"createdAt\":\"2023-05-04\",\"updatedAt\":\"2023-05-04\"},{\"id\":353,\"ContractId\":29,\"year\":2023,\"amount\":22000,\"description\":\"ALQUILER Sarmiento 1247 06 08 Mayo/2023\",\"month\":5,\"paid\":false,\"rent\":true,\"debt\":true,\"paidDate\":null,\"createdAt\":\"2023-05-04\",\"updatedAt\":\"2023-05-04\"},{\"id\":\"df106101-738a-4571-97a1-b0d03de1b9b9\",\"ContractId\":29,\"year\":2023,\"amount\":10912,\"description\":\"PUNITORIOS ALQUILER Sarmiento 1247 06 08 Mayo/2023\",\"month\":5,\"paid\":false,\"rent\":false,\"debt\":false,\"paidDate\":null,\"createdAt\":\"1693947977582\",\"updatedAt\":\"2023-05-04\",\"debtParentId\":353,\"recharge\":true},{\"ContractId\":29,\"date\":\"2023-09-05\",\"updatedAt\":\"2023-09-05T21:06:17.578Z\",\"deletedAt\":null,\"description\":\"GASTOS DE GESTION Septiembre/2023\",\"amount\":\"880.00\",\"createdAt\":\"1693947977578\",\"id\":\"0f01caac-d9c5-4077-9256-25970f5d5377\",\"checked\":true}]','[]','2023-09-05','2023-09-05',NULL),(40,29,2,0,2023,'Septiembre',12736,12000,'',0,'[]','[{\"id\":32,\"PropertyId\":52,\"paymentId\":39,\"clientAmount\":12676,\"ownerAmount\":0,\"clientPaid\":false,\"isReverted\":true,\"ownerPaid\":true,\"description\":\"Saldo Abril-Mayo-Septiembre/2023\",\"expiredDate\":\"2023-10-05\",\"createdAt\":\"2023-09-05T21:07:36.000Z\",\"updatedAt\":\"2023-09-05T21:07:36.000Z\"},{\"id\":31,\"PropertyId\":52,\"paymentId\":38,\"clientAmount\":60,\"ownerAmount\":0,\"clientPaid\":false,\"isReverted\":true,\"ownerPaid\":true,\"description\":\"Saldo Abril-Mayo-Julio/2023\",\"expiredDate\":\"2023-10-05\",\"createdAt\":\"2023-09-05T21:05:17.000Z\",\"updatedAt\":\"2023-09-05T21:05:17.000Z\"}]','2023-09-05','2023-09-05',NULL),(41,56,4,0,2023,'Septiembre',3100,0,'',0,'[{\"id\":1694202797211,\"name\":\"Gastos Bancarios\",\"amount\":500,\"isBankExpense\":true,\"createdAt\":\"2023-09-08T19:53:17.211Z\"}]','[{\"id\":30,\"PropertyId\":39,\"paymentId\":37,\"clientAmount\":2600,\"ownerAmount\":0,\"clientPaid\":false,\"isReverted\":true,\"ownerPaid\":true,\"description\":\"Saldo Septiembre/2023\",\"expiredDate\":\"2023-10-05\",\"createdAt\":\"2023-09-05T21:02:41.000Z\",\"updatedAt\":\"2023-09-05T21:02:41.000Z\"}]','2023-09-08','2023-09-08',NULL),(42,54,4,55,2023,'Septiembre',9615,7889,'',1,'[{\"ContractId\":54,\"date\":\"2023-09-08\",\"updatedAt\":\"2023-09-08T19:55:49.471Z\",\"deletedAt\":null,\"description\":\"ALQUILER Gaboto 3573 00 03 Septiembre/2023\",\"amount\":4545,\"createdAt\":\"1694202949471\",\"paidCurrentMonth\":true,\"id\":\"1130c842-843f-4fe3-9264-e2cd1a410915\"},{\"id\":108,\"description\":\"Seguro Septiembre/2023\",\"amount\":3224,\"date\":\"2023-04-26\",\"ContractId\":54,\"createdAt\":\"2023-04-26T12:28:58.000Z\",\"updatedAt\":\"2023-05-02T00:55:00.000Z\"},{\"id\":107,\"description\":\"Expensas Septiembre/2023\",\"amount\":1200,\"date\":\"2023-04-26\",\"ContractId\":54,\"createdAt\":\"2023-04-26T12:27:38.000Z\",\"updatedAt\":\"2023-05-02T00:55:00.000Z\"},{\"ContractId\":54,\"date\":\"2023-09-08\",\"updatedAt\":\"2023-09-08T19:55:49.471Z\",\"deletedAt\":null,\"description\":\"GASTOS DE GESTION Septiembre/2023\",\"amount\":91,\"createdAt\":\"1694202949471\",\"id\":\"d0550491-96cb-4b54-a2c3-7425335e4490\",\"checked\":true},{\"id\":1694202967623,\"description\":\"Gastos Bancarios\",\"amount\":500,\"isBankExpense\":true,\"createdAt\":\"2023-09-08T19:56:07.623Z\"}]','[]','2023-09-08','2023-09-08',NULL),(43,59,4,0,2023,'Noviembre',1258020,1000000,'',1,'[{\"ContractId\":59,\"date\":\"2023-11-06\",\"updatedAt\":\"2023-11-06T13:42:17.153Z\",\"deletedAt\":null,\"description\":\"ALQUILER 3 de Febrero 2289 2289 02 04 Noviembre/2023\",\"amount\":1232320,\"createdAt\":\"1699278137153\",\"paidCurrentMonth\":true,\"id\":\"f456300c-0061-4580-b535-261f6baca8fe\"},{\"ContractId\":59,\"date\":\"2023-11-06\",\"updatedAt\":\"2023-11-06T13:42:17.153Z\",\"deletedAt\":null,\"description\":\"GASTOS DE GESTION Noviembre/2023\",\"amount\":24647,\"createdAt\":\"1699278137153\",\"id\":\"3e6e3d9c-2bf6-4f04-9615-e8d5a5080e8b\",\"checked\":true},{\"id\":1699278237945,\"description\":\"Gastos Bancarios\",\"amount\":850,\"isBankExpense\":true,\"createdAt\":\"2023-11-06T13:43:57.945Z\"}]','[{\"id\":36,\"PropertyId\":43,\"paymentId\":null,\"clientAmount\":200,\"ownerAmount\":1000,\"clientPaid\":false,\"isReverted\":false,\"ownerPaid\":false,\"description\":\"Gastos de prueba xxxx\",\"expiredDate\":\"2023-11-07\",\"createdAt\":\"2023-11-06T13:42:12.000Z\",\"updatedAt\":\"2023-11-06T13:42:12.000Z\"}]','2023-11-06','2023-11-06',NULL);
/*!40000 ALTER TABLE `paymentclients` ENABLE KEYS */;
UNLOCK TABLES;

--
-- Table structure for table `paymentowners`
--

DROP TABLE IF EXISTS `paymentowners`;
/*!40101 SET @saved_cs_client     = @@character_set_client */;
/*!50503 SET character_set_client = utf8mb4 */;
CREATE TABLE `paymentowners` (
  `id` bigint NOT NULL AUTO_INCREMENT,
  `OwnerId` bigint NOT NULL,
  `PaymentTypeId` bigint NOT NULL,
  `obs` varchar(500) DEFAULT NULL,
  `month` varchar(15) NOT NULL,
  `year` int NOT NULL,
  `total` float NOT NULL,
  `paidCurrentMonth` tinyint(1) NOT NULL DEFAULT '0',
  `expenseDetails` longtext,
  `eventualityDetails` longtext,
  `createdAt` date DEFAULT NULL,
  `updatedAt` datetime NOT NULL,
  `deletedAt` datetime DEFAULT NULL,
  PRIMARY KEY (`id`),
  KEY `paymentowners_ibfk_1_idx` (`OwnerId`),
  KEY `PaymentTypeId` (`PaymentTypeId`),
  CONSTRAINT `paymentowners_ibfk_31` FOREIGN KEY (`OwnerId`) REFERENCES `owners` (`id`) ON DELETE CASCADE ON UPDATE CASCADE,
  CONSTRAINT `paymentowners_ibfk_32` FOREIGN KEY (`PaymentTypeId`) REFERENCES `paymenttypes` (`id`) ON UPDATE CASCADE
) ENGINE=InnoDB AUTO_INCREMENT=32 DEFAULT CHARSET=utf8mb4 COLLATE=utf8mb4_0900_ai_ci;
/*!40101 SET character_set_client = @saved_cs_client */;

--
-- Dumping data for table `paymentowners`
--

LOCK TABLES `paymentowners` WRITE;
/*!40000 ALTER TABLE `paymentowners` DISABLE KEYS */;
INSERT INTO `paymentowners` (`id`, `OwnerId`, `PaymentTypeId`, `obs`, `month`, `year`, `total`, `paidCurrentMonth`, `expenseDetails`, `eventualityDetails`, `createdAt`, `updatedAt`, `deletedAt`) VALUES (10,15,1,'','Mayo',2023,75859.9,0,'[{\"amount\":-40.1,\"description\":\"HONORARIOS Gaboto 3573 00 03 Mayo/2023\",\"id\":1718541683485954600,\"ContractId\":54,\"createdAt\":\"2023-05-07T18:59:14.509Z\",\"updatedAt\":\"2023-05-07T18:59:14.509Z\"},{\"id\":16,\"description\":\"Compensación Mayo/2023\",\"amount\":1600,\"date\":\"2023-05-06\",\"ContractId\":54,\"createdAt\":\"2023-05-06T23:54:56.000Z\",\"updatedAt\":\"2023-05-06T23:54:56.000Z\"},{\"id\":15,\"description\":\"API Mayo/2023\",\"amount\":300,\"date\":\"2023-05-06\",\"ContractId\":54,\"createdAt\":\"2023-05-06T23:54:45.000Z\",\"updatedAt\":\"2023-05-06T23:54:45.000Z\"},{\"id\":14,\"description\":\"TGI Mayo/2023\",\"amount\":300,\"date\":\"2023-05-06\",\"ContractId\":54,\"createdAt\":\"2023-05-06T23:54:32.000Z\",\"updatedAt\":\"2023-05-06T23:54:32.000Z\"},{\"id\":9,\"description\":\"Seguro Mayo/2023\",\"amount\":500,\"date\":\"2023-05-06\",\"ContractId\":54,\"createdAt\":\"2023-05-06T23:53:16.000Z\",\"updatedAt\":\"2023-05-06T23:53:16.000Z\"},{\"id\":11,\"description\":\"LUZ Mayo/2023\",\"amount\":1000,\"date\":\"2023-05-06\",\"ContractId\":54,\"createdAt\":\"2023-05-06T23:53:52.000Z\",\"updatedAt\":\"2023-05-06T23:53:52.000Z\"},{\"amount\":22700,\"description\":\"ALQUILER Gaboto 3573 00 05 Mayo/2023\",\"id\":66780321683485960000,\"ContractId\":32,\"paidCurrentMonth\":true,\"rent\":true,\"createdAt\":\"2023-05-07T18:59:14.572Z\",\"updatedAt\":\"2023-05-07T18:59:14.572Z\"},{\"amount\":50000,\"description\":\"ALQUILER Corrientes 1273 07 02 Mayo/2023\",\"id\":88801421683485950000,\"ContractId\":42,\"paidCurrentMonth\":true,\"rent\":true,\"createdAt\":\"2023-05-07T18:59:14.642Z\",\"updatedAt\":\"2023-05-07T18:59:14.642Z\"},{\"amount\":-500,\"description\":\"HONORARIOS Corrientes 1273 07 02 Mayo/2023\",\"id\":8113421683485955000,\"ContractId\":42,\"createdAt\":\"2023-05-07T18:59:14.642Z\",\"updatedAt\":\"2023-05-07T18:59:14.642Z\"}]','[]','2023-05-07','2023-05-07 19:00:06',NULL),(11,15,1,'','Mayo',2023,51100,0,'[{\"id\":19,\"description\":\"Seguro Mayo/2023\",\"amount\":1900,\"date\":\"2023-05-06\",\"ContractId\":32,\"createdAt\":\"2023-05-06T23:55:40.000Z\",\"updatedAt\":\"2023-05-06T23:55:40.000Z\"},{\"amount\":49200,\"description\":\"ALQUILER Vera Mujica 2106   Mayo/2023\",\"id\":17657151683486013000,\"ContractId\":15,\"paidCurrentMonth\":true,\"rent\":true,\"createdAt\":\"2023-05-07T19:00:13.066Z\",\"updatedAt\":\"2023-05-07T19:00:13.066Z\"}]','[]','2023-05-07','2023-05-07 19:00:34',NULL),(14,46,1,'','Mayo',2023,23670,0,'[{\"amount\":26300,\"description\":\"ALQUILER Sarmiento 1247 03 07 Mayo/2023\",\"id\":48191501683745900000,\"ContractId\":50,\"paidCurrentMonth\":true,\"rent\":true,\"createdAt\":\"2023-05-10T19:11:37.747Z\",\"updatedAt\":\"2023-05-10T19:11:37.747Z\"},{\"amount\":-2630,\"description\":\"HONORARIOS Sarmiento 1247 03 07 Mayo/2023\",\"id\":706501683745897700,\"ContractId\":50,\"createdAt\":\"2023-05-10T19:11:37.747Z\",\"updatedAt\":\"2023-05-10T19:11:37.747Z\"}]','[]','2023-05-10','2023-05-10 19:12:28',NULL),(15,46,1,'','Mayo',2023,23670,0,'[{\"id\":148,\"ContractId\":50,\"year\":2023,\"amount\":26300,\"description\":\"ALQUILER Sarmiento 1247 03 07 Abril/2023\",\"month\":4,\"paid\":false,\"rent\":true,\"debt\":true,\"paidDate\":null,\"createdAt\":\"2023-05-07\",\"updatedAt\":\"2023-05-07\",\"Contract\":{\"id\":50,\"PropertyId\":53,\"ClientId\":39,\"startDate\":\"2022-01-01\",\"endDate\":\"2024-12-31\",\"state\":\"En curso\",\"amount\":26300,\"booking\":0,\"deposit\":0,\"description\":\"C 168 // Contrato del 01/01/22 al 31/12/2024\",\"createdAt\":\"2023-04-21T18:00:43.000Z\",\"updatedAt\":\"2023-05-02T00:54:58.000Z\",\"deletedAt\":null}},{\"id\":149,\"ContractId\":50,\"year\":2023,\"amount\":-2630,\"description\":\"HONORARIOS Sarmiento 1247 03 07 Abril/2023\",\"month\":4,\"paid\":false,\"rent\":false,\"debt\":true,\"paidDate\":null,\"createdAt\":\"2023-05-07\",\"updatedAt\":\"2023-05-07\",\"Contract\":{\"id\":50,\"PropertyId\":53,\"ClientId\":39,\"startDate\":\"2022-01-01\",\"endDate\":\"2024-12-31\",\"state\":\"En curso\",\"amount\":26300,\"booking\":0,\"deposit\":0,\"description\":\"C 168 // Contrato del 01/01/22 al 31/12/2024\",\"createdAt\":\"2023-04-21T18:00:43.000Z\",\"updatedAt\":\"2023-05-02T00:54:58.000Z\",\"deletedAt\":null}}]','[]','2023-05-11','2023-05-11 22:19:22',NULL),(16,46,4,'','Mayo',2023,766,0,'[{\"id\":21,\"description\":\"Seguro Mayo/2023\",\"amount\":90,\"date\":\"2023-05-11\",\"ContractId\":50,\"createdAt\":\"2023-05-11T22:20:05.000Z\",\"updatedAt\":\"2023-05-11T22:20:05.000Z\"}]','[{\"id\":18,\"PropertyId\":53,\"paymentId\":null,\"clientAmount\":0,\"ownerAmount\":676,\"clientPaid\":false,\"isReverted\":false,\"ownerPaid\":false,\"description\":\"tes great | Sarmiento 1247 03-07 Mayo/2023\",\"expiredDate\":\"2023-05-12\",\"createdAt\":\"2023-05-11T22:22:40.000Z\",\"updatedAt\":\"2023-05-11T22:22:40.000Z\",\"ContractId\":50}]','2023-05-11','2023-05-11 22:23:14',NULL),(17,46,1,'','Mayo',2023,0,0,'[]','[]','2023-05-11','2023-05-11 22:24:14',NULL),(18,47,1,'','Junio',2023,31090,0,'[{\"amount\":11515,\"description\":\"ALQUILER 3 de Febrero  1366 01 04 Junio/2023\",\"id\":6038741686101203000,\"ContractId\":4,\"paidCurrentMonth\":true,\"rent\":true,\"createdAt\":\"2023-06-07T01:26:43.429Z\",\"updatedAt\":\"2023-06-07T01:26:43.429Z\"},{\"amount\":-1152,\"description\":\"HONORARIOS 3 de Febrero  1366 01 04 Junio/2023\",\"id\":749141686101203500,\"ContractId\":4,\"createdAt\":\"2023-06-07T01:26:43.429Z\",\"updatedAt\":\"2023-06-07T01:26:43.429Z\"},{\"id\":151,\"ContractId\":4,\"year\":2023,\"amount\":-1151.5,\"description\":\"HONORARIOS 3 de Febrero  1366 01 04 Abril/2023\",\"month\":4,\"paid\":false,\"rent\":false,\"debt\":true,\"paidDate\":null,\"createdAt\":\"2023-05-07\",\"updatedAt\":\"2023-05-07\",\"Contract\":{\"id\":4,\"PropertyId\":54,\"ClientId\":29,\"startDate\":\"2020-10-01\",\"endDate\":\"2023-09-30\",\"state\":\"En curso\",\"amount\":11515,\"booking\":0,\"deposit\":0,\"description\":\"CARPETA 109 -  CONTRATO DEL 01/10/2020 AL 30/09/2023\",\"motive\":null,\"createdAt\":\"2023-04-21T14:36:49.000Z\",\"updatedAt\":\"2023-05-02T00:54:58.000Z\",\"deletedAt\":null}},{\"id\":150,\"ContractId\":4,\"year\":2023,\"amount\":11515,\"description\":\"ALQUILER 3 de Febrero  1366 01 04 Abril/2023\",\"month\":4,\"paid\":false,\"rent\":true,\"debt\":true,\"paidDate\":null,\"createdAt\":\"2023-05-07\",\"updatedAt\":\"2023-05-07\",\"Contract\":{\"id\":4,\"PropertyId\":54,\"ClientId\":29,\"startDate\":\"2020-10-01\",\"endDate\":\"2023-09-30\",\"state\":\"En curso\",\"amount\":11515,\"booking\":0,\"deposit\":0,\"description\":\"CARPETA 109 -  CONTRATO DEL 01/10/2020 AL 30/09/2023\",\"motive\":null,\"createdAt\":\"2023-04-21T14:36:49.000Z\",\"updatedAt\":\"2023-05-02T00:54:58.000Z\",\"deletedAt\":null}},{\"id\":236,\"ContractId\":4,\"year\":2023,\"amount\":-1151.5,\"description\":\"HONORARIOS 3 de Febrero  1366 01 04 Mayo/2023\",\"month\":5,\"paid\":false,\"rent\":false,\"debt\":true,\"paidDate\":null,\"createdAt\":\"2023-06-01\",\"updatedAt\":\"2023-06-01\",\"Contract\":{\"id\":4,\"PropertyId\":54,\"ClientId\":29,\"startDate\":\"2020-10-01\",\"endDate\":\"2023-09-30\",\"state\":\"En curso\",\"amount\":11515,\"booking\":0,\"deposit\":0,\"description\":\"CARPETA 109 -  CONTRATO DEL 01/10/2020 AL 30/09/2023\",\"motive\":null,\"createdAt\":\"2023-04-21T14:36:49.000Z\",\"updatedAt\":\"2023-05-02T00:54:58.000Z\",\"deletedAt\":null}},{\"id\":235,\"ContractId\":4,\"year\":2023,\"amount\":11515,\"description\":\"ALQUILER 3 de Febrero  1366 01 04 Mayo/2023\",\"month\":5,\"paid\":false,\"rent\":true,\"debt\":true,\"paidDate\":null,\"createdAt\":\"2023-06-01\",\"updatedAt\":\"2023-06-01\",\"Contract\":{\"id\":4,\"PropertyId\":54,\"ClientId\":29,\"startDate\":\"2020-10-01\",\"endDate\":\"2023-09-30\",\"state\":\"En curso\",\"amount\":11515,\"booking\":0,\"deposit\":0,\"description\":\"CARPETA 109 -  CONTRATO DEL 01/10/2020 AL 30/09/2023\",\"motive\":null,\"createdAt\":\"2023-04-21T14:36:49.000Z\",\"updatedAt\":\"2023-05-02T00:54:58.000Z\",\"deletedAt\":null}}]','[]','2023-06-06','2023-06-07 01:26:56',NULL),(19,15,1,'','Junio',2023,74340,0,'[{\"id\":16,\"description\":\"Compensación Junio/2023\",\"amount\":1600,\"date\":\"2023-05-06\",\"ContractId\":54,\"createdAt\":\"2023-05-06T23:54:56.000Z\",\"updatedAt\":\"2023-05-06T23:54:56.000Z\"},{\"id\":14,\"description\":\"TGI Junio/2023\",\"amount\":300,\"date\":\"2023-05-06\",\"ContractId\":54,\"createdAt\":\"2023-05-06T23:54:32.000Z\",\"updatedAt\":\"2023-05-06T23:54:32.000Z\"},{\"id\":51,\"ContractId\":35,\"year\":2023,\"amount\":-235.86,\"description\":\"HONORARIOS Gaboto 3573 00 04 Junio/2023\",\"month\":6,\"paid\":false,\"rent\":false,\"debt\":true,\"paidDate\":null,\"createdAt\":\"2023-05-07\",\"updatedAt\":\"2023-05-07\",\"Contract\":{\"id\":35,\"PropertyId\":3,\"ClientId\":13,\"startDate\":\"2020-10-15\",\"endDate\":\"2023-09-30\",\"state\":\"En curso\",\"amount\":23586,\"booking\":0,\"deposit\":0,\"description\":\"CARPETA 209 //CONTRATO DEL 15/10/2020 AL 30/09/2023  // EXP. 10% gas Cliente Nº 103774201 Persona 226277\",\"motive\":null,\"createdAt\":\"2023-04-21T17:28:00.000Z\",\"updatedAt\":\"2023-05-02T00:54:58.000Z\",\"deletedAt\":null}},{\"id\":50,\"ContractId\":35,\"year\":2023,\"amount\":23586,\"description\":\"ALQUILER Gaboto 3573 00 04 Junio/2023\",\"month\":6,\"paid\":false,\"rent\":true,\"debt\":true,\"paidDate\":null,\"createdAt\":\"2023-05-07\",\"updatedAt\":\"2023-05-07\",\"Contract\":{\"id\":35,\"PropertyId\":3,\"ClientId\":13,\"startDate\":\"2020-10-15\",\"endDate\":\"2023-09-30\",\"state\":\"En curso\",\"amount\":23586,\"booking\":0,\"deposit\":0,\"description\":\"CARPETA 209 //CONTRATO DEL 15/10/2020 AL 30/09/2023  // EXP. 10% gas Cliente Nº 103774201 Persona 226277\",\"motive\":null,\"createdAt\":\"2023-04-21T17:28:00.000Z\",\"updatedAt\":\"2023-05-02T00:54:58.000Z\",\"deletedAt\":null}},{\"id\":54,\"ContractId\":54,\"year\":2023,\"amount\":500,\"description\":\"Seguro Junio/2023\",\"month\":6,\"paid\":false,\"rent\":false,\"debt\":true,\"paidDate\":null,\"createdAt\":\"2023-05-07\",\"updatedAt\":\"2023-05-07\",\"Contract\":{\"id\":54,\"PropertyId\":4,\"ClientId\":22,\"startDate\":\"2023-05-07\",\"endDate\":\"2023-07-28\",\"state\":\"En curso\",\"amount\":0,\"booking\":0,\"deposit\":0,\"description\":\"\",\"motive\":null,\"createdAt\":\"2023-04-26T01:40:40.000Z\",\"updatedAt\":\"2023-05-07T18:23:36.000Z\",\"deletedAt\":null}},{\"id\":55,\"ContractId\":54,\"year\":2023,\"amount\":600,\"description\":\"Expensas Junio/2023\",\"month\":6,\"paid\":false,\"rent\":false,\"debt\":true,\"paidDate\":null,\"createdAt\":\"2023-05-07\",\"updatedAt\":\"2023-05-07\",\"Contract\":{\"id\":54,\"PropertyId\":4,\"ClientId\":22,\"startDate\":\"2023-05-07\",\"endDate\":\"2023-07-28\",\"state\":\"En curso\",\"amount\":0,\"booking\":0,\"deposit\":0,\"description\":\"\",\"motive\":null,\"createdAt\":\"2023-04-26T01:40:40.000Z\",\"updatedAt\":\"2023-05-07T18:23:36.000Z\",\"deletedAt\":null}},{\"id\":21,\"ContractId\":32,\"year\":2023,\"amount\":-227,\"description\":\"HONORARIOS Gaboto 3573 00 05 Mayo/2023\",\"month\":5,\"paid\":false,\"rent\":false,\"debt\":true,\"paidDate\":null,\"createdAt\":\"2023-05-07\",\"updatedAt\":\"2023-05-07\",\"Contract\":{\"id\":32,\"PropertyId\":5,\"ClientId\":40,\"startDate\":\"2021-04-01\",\"endDate\":\"2024-03-31\",\"state\":\"En curso\",\"amount\":22700,\"booking\":0,\"deposit\":0,\"description\":\"CARPETA 206  -  EXPENSAS 18%  - Contrato del 01/4/2021 al 31/03/2024\",\"motive\":null,\"createdAt\":\"2023-04-21T17:11:36.000Z\",\"updatedAt\":\"2023-05-02T00:54:58.000Z\",\"deletedAt\":null}},{\"id\":49,\"ContractId\":15,\"year\":2023,\"amount\":-492,\"description\":\"HONORARIOS Vera Mujica 2106   Febrero/2023\",\"month\":2,\"paid\":false,\"rent\":false,\"debt\":true,\"paidDate\":null,\"createdAt\":\"2023-05-07\",\"updatedAt\":\"2023-05-07\",\"Contract\":{\"id\":15,\"PropertyId\":21,\"ClientId\":43,\"startDate\":\"2022-03-01\",\"endDate\":\"2025-02-28\",\"state\":\"En curso\",\"amount\":49200,\"booking\":0,\"deposit\":0,\"description\":\"CARPETA 143  // contrato de 1/3/22 al 28/02/25 // Gas Contrato Nº 13160803 Persona 1197846\",\"motive\":null,\"createdAt\":\"2023-04-21T15:34:40.000Z\",\"updatedAt\":\"2023-05-02T00:54:58.000Z\",\"deletedAt\":null}},{\"id\":68,\"ContractId\":15,\"year\":2023,\"amount\":49200,\"description\":\"ALQUILER Vera Mujica 2106   Junio/2023\",\"month\":6,\"paid\":false,\"rent\":true,\"debt\":true,\"paidDate\":null,\"createdAt\":\"2023-05-07\",\"updatedAt\":\"2023-05-07\",\"Contract\":{\"id\":15,\"PropertyId\":21,\"ClientId\":43,\"startDate\":\"2022-03-01\",\"endDate\":\"2025-02-28\",\"state\":\"En curso\",\"amount\":49200,\"booking\":0,\"deposit\":0,\"description\":\"CARPETA 143  // contrato de 1/3/22 al 28/02/25 // Gas Contrato Nº 13160803 Persona 1197846\",\"motive\":null,\"createdAt\":\"2023-04-21T15:34:40.000Z\",\"updatedAt\":\"2023-05-02T00:54:58.000Z\",\"deletedAt\":null}},{\"id\":69,\"ContractId\":15,\"year\":2023,\"amount\":-492,\"description\":\"HONORARIOS Vera Mujica 2106   Junio/2023\",\"month\":6,\"paid\":false,\"rent\":false,\"debt\":true,\"paidDate\":null,\"createdAt\":\"2023-05-07\",\"updatedAt\":\"2023-05-07\",\"Contract\":{\"id\":15,\"PropertyId\":21,\"ClientId\":43,\"startDate\":\"2022-03-01\",\"endDate\":\"2025-02-28\",\"state\":\"En curso\",\"amount\":49200,\"booking\":0,\"deposit\":0,\"description\":\"CARPETA 143  // contrato de 1/3/22 al 28/02/25 // Gas Contrato Nº 13160803 Persona 1197846\",\"motive\":null,\"createdAt\":\"2023-04-21T15:34:40.000Z\",\"updatedAt\":\"2023-05-02T00:54:58.000Z\",\"deletedAt\":null}}]','[]','2023-06-06','2023-06-07 01:28:17',NULL),(20,18,3,'','Junio',2023,61709,0,'[{\"amount\":22350,\"description\":\"ALQUILER COLON 1256 04 05 Junio/2023\",\"id\":99731251686517060000,\"ContractId\":25,\"paidCurrentMonth\":true,\"rent\":true,\"createdAt\":\"2023-06-11T20:57:37.667Z\",\"updatedAt\":\"2023-06-11T20:57:37.667Z\"},{\"amount\":-1788,\"description\":\"HONORARIOS COLON 1256 04 05 Junio/2023\",\"id\":8573251686517058000,\"ContractId\":25,\"createdAt\":\"2023-06-11T20:57:37.667Z\",\"updatedAt\":\"2023-06-11T20:57:37.667Z\"},{\"id\":188,\"ContractId\":25,\"year\":2023,\"amount\":22350,\"description\":\"ALQUILER COLON 1256 04 05 Mayo/2023\",\"month\":5,\"paid\":false,\"rent\":true,\"debt\":true,\"paidDate\":null,\"createdAt\":\"2023-06-01\",\"updatedAt\":\"2023-06-01\",\"Contract\":{\"id\":25,\"PropertyId\":55,\"ClientId\":33,\"startDate\":\"2020-12-01\",\"endDate\":\"2023-12-31\",\"state\":\"En curso\",\"amount\":22350,\"booking\":0,\"deposit\":0,\"description\":\"CARPETA 151 // CONTRATO DEL  01/12/2020 AL 31/12/2023\",\"motive\":null,\"createdAt\":\"2023-04-21T16:50:54.000Z\",\"updatedAt\":\"2023-05-02T00:54:58.000Z\",\"deletedAt\":null}},{\"id\":107,\"ContractId\":25,\"year\":2023,\"amount\":-1788,\"description\":\"HONORARIOS COLON 1256 04 05 Abril/2023\",\"month\":4,\"paid\":false,\"rent\":false,\"debt\":true,\"paidDate\":null,\"createdAt\":\"2023-05-07\",\"updatedAt\":\"2023-05-07\",\"Contract\":{\"id\":25,\"PropertyId\":55,\"ClientId\":33,\"startDate\":\"2020-12-01\",\"endDate\":\"2023-12-31\",\"state\":\"En curso\",\"amount\":22350,\"booking\":0,\"deposit\":0,\"description\":\"CARPETA 151 // CONTRATO DEL  01/12/2020 AL 31/12/2023\",\"motive\":null,\"createdAt\":\"2023-04-21T16:50:54.000Z\",\"updatedAt\":\"2023-05-02T00:54:58.000Z\",\"deletedAt\":null}},{\"id\":106,\"ContractId\":25,\"year\":2023,\"amount\":22350,\"description\":\"ALQUILER COLON 1256 04 05 Abril/2023\",\"month\":4,\"paid\":false,\"rent\":true,\"debt\":true,\"paidDate\":null,\"createdAt\":\"2023-05-07\",\"updatedAt\":\"2023-05-07\",\"Contract\":{\"id\":25,\"PropertyId\":55,\"ClientId\":33,\"startDate\":\"2020-12-01\",\"endDate\":\"2023-12-31\",\"state\":\"En curso\",\"amount\":22350,\"booking\":0,\"deposit\":0,\"description\":\"CARPETA 151 // CONTRATO DEL  01/12/2020 AL 31/12/2023\",\"motive\":null,\"createdAt\":\"2023-04-21T16:50:54.000Z\",\"updatedAt\":\"2023-05-02T00:54:58.000Z\",\"deletedAt\":null}},{\"id\":189,\"ContractId\":25,\"year\":2023,\"amount\":-1788,\"description\":\"HONORARIOS COLON 1256 04 05 Mayo/2023\",\"month\":5,\"paid\":false,\"rent\":false,\"debt\":true,\"paidDate\":null,\"createdAt\":\"2023-06-01\",\"updatedAt\":\"2023-06-01\",\"Contract\":{\"id\":25,\"PropertyId\":55,\"ClientId\":33,\"startDate\":\"2020-12-01\",\"endDate\":\"2023-12-31\",\"state\":\"En curso\",\"amount\":22350,\"booking\":0,\"deposit\":0,\"description\":\"CARPETA 151 // CONTRATO DEL  01/12/2020 AL 31/12/2023\",\"motive\":null,\"createdAt\":\"2023-04-21T16:50:54.000Z\",\"updatedAt\":\"2023-05-02T00:54:58.000Z\",\"deletedAt\":null}}]','[{\"id\":13,\"PropertyId\":55,\"paymentId\":null,\"clientAmount\":4,\"ownerAmount\":23,\"clientPaid\":false,\"isReverted\":false,\"ownerPaid\":false,\"description\":\"2343432 | COLON 1256 04-05 Junio/2023\",\"expiredDate\":\"2023-05-11\",\"createdAt\":\"2023-05-11T15:32:22.000Z\",\"updatedAt\":\"2023-05-11T15:32:22.000Z\",\"ContractId\":25}]','2023-06-11','2023-06-11 20:59:40',NULL),(22,18,1,'','Junio',2023,96997,0,'[{\"amount\":12500,\"description\":\"ALQUILER Necochea 1334 01 03 Junio/2023\",\"id\":2349911686517754400,\"ContractId\":1,\"paidCurrentMonth\":true,\"rent\":true,\"createdAt\":\"2023-06-11T21:09:14.425Z\",\"updatedAt\":\"2023-06-11T21:09:14.425Z\"},{\"amount\":-1000,\"description\":\"HONORARIOS Necochea 1334 01 03 Junio/2023\",\"id\":307211686517754430,\"ContractId\":1,\"createdAt\":\"2023-06-11T21:09:14.425Z\",\"updatedAt\":\"2023-06-11T21:09:14.425Z\"},{\"amount\":22644,\"description\":\"ALQUILER Necochea 1334 05 02 Junio/2023\",\"id\":93535201686517760000,\"ContractId\":20,\"paidCurrentMonth\":true,\"rent\":true,\"createdAt\":\"2023-06-11T21:09:14.217Z\",\"updatedAt\":\"2023-06-11T21:09:14.217Z\"},{\"amount\":-1812,\"description\":\"HONORARIOS Necochea 1334 05 02 Junio/2023\",\"id\":9991201686517754000,\"ContractId\":20,\"createdAt\":\"2023-06-11T21:09:14.217Z\",\"updatedAt\":\"2023-06-11T21:09:14.217Z\"},{\"id\":105,\"ContractId\":1,\"year\":2023,\"amount\":-1000,\"description\":\"HONORARIOS Necochea 1334 01 03 Abril/2023\",\"month\":4,\"paid\":false,\"rent\":false,\"debt\":true,\"paidDate\":null,\"createdAt\":\"2023-05-07\",\"updatedAt\":\"2023-05-07\",\"Contract\":{\"id\":1,\"PropertyId\":31,\"ClientId\":23,\"startDate\":\"2021-11-01\",\"endDate\":\"2024-10-31\",\"state\":\"En curso\",\"amount\":12500,\"booking\":0,\"deposit\":0,\"description\":\"Monoambiente - contrato del 01/11/2021 al 31/10/2024 // C 192\",\"motive\":null,\"createdAt\":\"2023-04-21T14:17:13.000Z\",\"updatedAt\":\"2023-05-02T00:54:58.000Z\",\"deletedAt\":null}},{\"id\":104,\"ContractId\":1,\"year\":2023,\"amount\":12500,\"description\":\"ALQUILER Necochea 1334 01 03 Abril/2023\",\"month\":4,\"paid\":false,\"rent\":true,\"debt\":true,\"paidDate\":null,\"createdAt\":\"2023-05-07\",\"updatedAt\":\"2023-05-07\",\"Contract\":{\"id\":1,\"PropertyId\":31,\"ClientId\":23,\"startDate\":\"2021-11-01\",\"endDate\":\"2024-10-31\",\"state\":\"En curso\",\"amount\":12500,\"booking\":0,\"deposit\":0,\"description\":\"Monoambiente - contrato del 01/11/2021 al 31/10/2024 // C 192\",\"motive\":null,\"createdAt\":\"2023-04-21T14:17:13.000Z\",\"updatedAt\":\"2023-05-02T00:54:58.000Z\",\"deletedAt\":null}},{\"id\":187,\"ContractId\":1,\"year\":2023,\"amount\":-1000,\"description\":\"HONORARIOS Necochea 1334 01 03 Mayo/2023\",\"month\":5,\"paid\":false,\"rent\":false,\"debt\":true,\"paidDate\":null,\"createdAt\":\"2023-06-01\",\"updatedAt\":\"2023-06-01\",\"Contract\":{\"id\":1,\"PropertyId\":31,\"ClientId\":23,\"startDate\":\"2021-11-01\",\"endDate\":\"2024-10-31\",\"state\":\"En curso\",\"amount\":12500,\"booking\":0,\"deposit\":0,\"description\":\"Monoambiente - contrato del 01/11/2021 al 31/10/2024 // C 192\",\"motive\":null,\"createdAt\":\"2023-04-21T14:17:13.000Z\",\"updatedAt\":\"2023-05-02T00:54:58.000Z\",\"deletedAt\":null}},{\"id\":186,\"ContractId\":1,\"year\":2023,\"amount\":12500,\"description\":\"ALQUILER Necochea 1334 01 03 Mayo/2023\",\"month\":5,\"paid\":false,\"rent\":true,\"debt\":true,\"paidDate\":null,\"createdAt\":\"2023-06-01\",\"updatedAt\":\"2023-06-01\",\"Contract\":{\"id\":1,\"PropertyId\":31,\"ClientId\":23,\"startDate\":\"2021-11-01\",\"endDate\":\"2024-10-31\",\"state\":\"En curso\",\"amount\":12500,\"booking\":0,\"deposit\":0,\"description\":\"Monoambiente - contrato del 01/11/2021 al 31/10/2024 // C 192\",\"motive\":null,\"createdAt\":\"2023-04-21T14:17:13.000Z\",\"updatedAt\":\"2023-05-02T00:54:58.000Z\",\"deletedAt\":null}},{\"id\":103,\"ContractId\":20,\"year\":2023,\"amount\":-1811.52,\"description\":\"HONORARIOS Necochea 1334 05 02 Abril/2023\",\"month\":4,\"paid\":false,\"rent\":false,\"debt\":true,\"paidDate\":null,\"createdAt\":\"2023-05-07\",\"updatedAt\":\"2023-05-07\",\"Contract\":{\"id\":20,\"PropertyId\":25,\"ClientId\":5,\"startDate\":\"2021-02-01\",\"endDate\":\"2024-01-31\",\"state\":\"En curso\",\"amount\":22644,\"booking\":0,\"deposit\":0,\"description\":\"CARPETA 191  // Contrato del 01/02/2021 al 31/01/24\",\"motive\":null,\"createdAt\":\"2023-04-21T16:30:50.000Z\",\"updatedAt\":\"2023-05-02T00:54:58.000Z\",\"deletedAt\":null}},{\"id\":102,\"ContractId\":20,\"year\":2023,\"amount\":22644,\"description\":\"ALQUILER Necochea 1334 05 02 Abril/2023\",\"month\":4,\"paid\":false,\"rent\":true,\"debt\":true,\"paidDate\":null,\"createdAt\":\"2023-05-07\",\"updatedAt\":\"2023-05-07\",\"Contract\":{\"id\":20,\"PropertyId\":25,\"ClientId\":5,\"startDate\":\"2021-02-01\",\"endDate\":\"2024-01-31\",\"state\":\"En curso\",\"amount\":22644,\"booking\":0,\"deposit\":0,\"description\":\"CARPETA 191  // Contrato del 01/02/2021 al 31/01/24\",\"motive\":null,\"createdAt\":\"2023-04-21T16:30:50.000Z\",\"updatedAt\":\"2023-05-02T00:54:58.000Z\",\"deletedAt\":null}},{\"id\":185,\"ContractId\":20,\"year\":2023,\"amount\":-1811.52,\"description\":\"HONORARIOS Necochea 1334 05 02 Mayo/2023\",\"month\":5,\"paid\":false,\"rent\":false,\"debt\":true,\"paidDate\":null,\"createdAt\":\"2023-06-01\",\"updatedAt\":\"2023-06-01\",\"Contract\":{\"id\":20,\"PropertyId\":25,\"ClientId\":5,\"startDate\":\"2021-02-01\",\"endDate\":\"2024-01-31\",\"state\":\"En curso\",\"amount\":22644,\"booking\":0,\"deposit\":0,\"description\":\"CARPETA 191  // Contrato del 01/02/2021 al 31/01/24\",\"motive\":null,\"createdAt\":\"2023-04-21T16:30:50.000Z\",\"updatedAt\":\"2023-05-02T00:54:58.000Z\",\"deletedAt\":null}},{\"id\":184,\"ContractId\":20,\"year\":2023,\"amount\":22644,\"description\":\"ALQUILER Necochea 1334 05 02 Mayo/2023\",\"month\":5,\"paid\":false,\"rent\":true,\"debt\":true,\"paidDate\":null,\"createdAt\":\"2023-06-01\",\"updatedAt\":\"2023-06-01\",\"Contract\":{\"id\":20,\"PropertyId\":25,\"ClientId\":5,\"startDate\":\"2021-02-01\",\"endDate\":\"2024-01-31\",\"state\":\"En curso\",\"amount\":22644,\"booking\":0,\"deposit\":0,\"description\":\"CARPETA 191  // Contrato del 01/02/2021 al 31/01/24\",\"motive\":null,\"createdAt\":\"2023-04-21T16:30:50.000Z\",\"updatedAt\":\"2023-05-02T00:54:58.000Z\",\"deletedAt\":null}}]','[]','2023-06-11','2023-06-11 21:10:41',NULL),(25,18,1,'','Junio',2023,6218,0,'[{\"id\":101,\"ContractId\":24,\"year\":2023,\"amount\":-3569.84,\"description\":\"HONORARIOS 3 de Febrero  2289 01 04 Abril/2023\",\"month\":4,\"paid\":false,\"rent\":false,\"debt\":true,\"paidDate\":null,\"createdAt\":\"2023-05-07\",\"updatedAt\":\"2023-06-11\",\"Contract\":{\"id\":24,\"PropertyId\":24,\"ClientId\":44,\"startDate\":\"2022-03-01\",\"endDate\":\"2025-02-28\",\"state\":\"En curso\",\"amount\":44623,\"booking\":0,\"deposit\":0,\"description\":\"C 171\",\"motive\":null,\"createdAt\":\"2023-04-21T16:47:43.000Z\",\"updatedAt\":\"2023-05-02T00:54:58.000Z\",\"deletedAt\":null}}]','[{\"id\":28,\"PropertyId\":24,\"paymentId\":null,\"clientAmount\":0,\"ownerAmount\":9000,\"clientPaid\":false,\"isReverted\":false,\"ownerPaid\":false,\"description\":\"test Jean  | 3 de Febrero  2289 01-04\",\"expiredDate\":\"2023-06-12\",\"createdAt\":\"2023-06-11T21:12:14.000Z\",\"updatedAt\":\"2023-06-11T22:35:44.000Z\",\"ContractId\":24},{\"id\":25,\"PropertyId\":26,\"paymentId\":null,\"clientAmount\":900,\"ownerAmount\":787,\"clientPaid\":false,\"isReverted\":false,\"ownerPaid\":false,\"description\":\"test Jean Finalizado | Zeballos 74 01-04\",\"expiredDate\":\"2023-06-06\",\"createdAt\":\"2023-06-05T23:10:54.000Z\",\"updatedAt\":\"2023-06-11T22:35:44.000Z\",\"ContractId\":55}]','2023-06-12','2023-06-12 15:27:28',NULL),(26,18,1,'','Junio',2023,44623,0,'[{\"id\":100,\"ContractId\":24,\"year\":2023,\"amount\":44623,\"description\":\"ALQUILER 3 de Febrero  2289 01 04 Abril/2023\",\"month\":4,\"paid\":false,\"rent\":true,\"debt\":true,\"paidDate\":null,\"createdAt\":\"2023-05-07\",\"updatedAt\":\"2023-06-11\",\"Contract\":{\"id\":24,\"PropertyId\":24,\"ClientId\":44,\"startDate\":\"2022-03-01\",\"endDate\":\"2025-02-28\",\"state\":\"En curso\",\"amount\":44623,\"booking\":0,\"deposit\":0,\"description\":\"C 171\",\"motive\":null,\"createdAt\":\"2023-04-21T16:47:43.000Z\",\"updatedAt\":\"2023-05-02T00:54:58.000Z\",\"deletedAt\":null}}]','[]','2023-06-12','2023-06-12 15:33:43',NULL),(27,18,3,'','Junio',2023,89246,0,'[{\"amount\":44623,\"description\":\"ALQUILER 3 de Febrero  2289 01 04 Junio/2023\",\"id\":74254241686584030000,\"ContractId\":24,\"paidCurrentMonth\":true,\"rent\":true,\"createdAt\":\"2023-06-12T15:33:55.818Z\",\"updatedAt\":\"2023-06-12T15:33:55.818Z\"},{\"id\":182,\"ContractId\":24,\"year\":2023,\"amount\":44623,\"description\":\"ALQUILER 3 de Febrero  2289 01 04 Mayo/2023\",\"month\":5,\"paid\":false,\"rent\":true,\"debt\":true,\"paidDate\":null,\"createdAt\":\"2023-06-01\",\"updatedAt\":\"2023-06-01\",\"Contract\":{\"id\":24,\"PropertyId\":24,\"ClientId\":44,\"startDate\":\"2022-03-01\",\"endDate\":\"2025-02-28\",\"state\":\"En curso\",\"amount\":44623,\"booking\":0,\"deposit\":0,\"description\":\"C 171\",\"motive\":null,\"createdAt\":\"2023-04-21T16:47:43.000Z\",\"updatedAt\":\"2023-05-02T00:54:58.000Z\",\"deletedAt\":null}}]','[]','2023-06-12','2023-06-12 15:34:27',NULL),(30,47,1,'','Agosto',2023,20727,0,'[{\"amount\":-1152,\"description\":\"HONORARIOS 3 de Febrero  1366 01 04 Agosto/2023\",\"id\":673841693096126200,\"ContractId\":4,\"createdAt\":\"2023-08-27T00:28:46.250Z\",\"updatedAt\":\"2023-08-27T00:28:46.250Z\"},{\"amount\":11515,\"description\":\"ALQUILER 3 de Febrero  1366 01 04 Agosto/2023\",\"id\":2126841693096126200,\"ContractId\":4,\"paidCurrentMonth\":true,\"rent\":true,\"createdAt\":\"2023-08-27T00:28:46.250Z\",\"updatedAt\":\"2023-08-27T00:28:46.250Z\"},{\"id\":\"8919241686517940322\",\"ContractId\":4,\"year\":2023,\"amount\":-1151.5,\"description\":\"HONORARIOS 3 de Febrero  1366 01 04 Julio/2023\",\"month\":7,\"paid\":false,\"rent\":false,\"debt\":true,\"paidDate\":null,\"createdAt\":\"2023-08-26\",\"updatedAt\":\"2023-08-26\",\"Contract\":{\"id\":4,\"PropertyId\":54,\"ClientId\":29,\"startDate\":\"2020-10-01\",\"endDate\":\"2023-09-30\",\"state\":\"En curso\",\"amount\":11515,\"booking\":0,\"deposit\":0,\"description\":\"CARPETA 109 -  CONTRATO DEL 01/10/2020 AL 30/09/2023\",\"motive\":null,\"createdAt\":\"2023-04-21T14:36:49.000Z\",\"updatedAt\":\"2023-05-02T00:54:58.000Z\",\"deletedAt\":null}},{\"id\":\"8919241686517940321\",\"ContractId\":4,\"year\":2023,\"amount\":11515,\"description\":\"ALQUILER 3 de Febrero  1366 01 04 Julio/2023\",\"month\":7,\"paid\":false,\"rent\":true,\"debt\":true,\"paidDate\":null,\"createdAt\":\"2023-08-26\",\"updatedAt\":\"2023-08-26\",\"Contract\":{\"id\":4,\"PropertyId\":54,\"ClientId\":29,\"startDate\":\"2020-10-01\",\"endDate\":\"2023-09-30\",\"state\":\"En curso\",\"amount\":11515,\"booking\":0,\"deposit\":0,\"description\":\"CARPETA 109 -  CONTRATO DEL 01/10/2020 AL 30/09/2023\",\"motive\":null,\"createdAt\":\"2023-04-21T14:36:49.000Z\",\"updatedAt\":\"2023-05-02T00:54:58.000Z\",\"deletedAt\":null}}]','[]','2023-08-26','2023-08-27 00:28:54',NULL),(31,9,1,'','Septiembre',2023,-54,0,'[]','[{\"id\":20,\"PropertyId\":15,\"paymentId\":null,\"clientAmount\":-56,\"ownerAmount\":56,\"clientPaid\":true,\"isReverted\":false,\"ownerPaid\":false,\"description\":\"NAGATIVO Y POSITIVO | sarmiento 1247 07-02\",\"expiredDate\":\"2023-05-16\",\"createdAt\":\"2023-05-15T15:55:58.000Z\",\"updatedAt\":\"2023-06-12T19:57:51.000Z\",\"ContractId\":44},{\"id\":19,\"PropertyId\":15,\"paymentId\":null,\"clientAmount\":-90,\"ownerAmount\":-122,\"clientPaid\":true,\"isReverted\":false,\"ownerPaid\":false,\"description\":\"MONTO NEGATIVO | sarmiento 1247 07-02\",\"expiredDate\":\"2023-05-16\",\"createdAt\":\"2023-05-15T15:55:32.000Z\",\"updatedAt\":\"2023-06-12T19:57:51.000Z\",\"ContractId\":44},{\"id\":12,\"PropertyId\":15,\"paymentId\":null,\"clientAmount\":123,\"ownerAmount\":12,\"clientPaid\":true,\"isReverted\":false,\"ownerPaid\":false,\"description\":\"JEAN HILAIRE COSA | sarmiento 1247 07-02\",\"expiredDate\":\"2023-05-11\",\"createdAt\":\"2023-05-11T15:31:57.000Z\",\"updatedAt\":\"2023-08-16T00:08:39.000Z\",\"ContractId\":44}]','2023-09-07','2023-09-07 16:44:30',NULL);
/*!40000 ALTER TABLE `paymentowners` ENABLE KEYS */;
UNLOCK TABLES;

--
-- Table structure for table `paymenttypes`
--

DROP TABLE IF EXISTS `paymenttypes`;
/*!40101 SET @saved_cs_client     = @@character_set_client */;
/*!50503 SET character_set_client = utf8mb4 */;
CREATE TABLE `paymenttypes` (
  `id` bigint NOT NULL AUTO_INCREMENT,
  `name` varchar(80) NOT NULL,
  `createdAt` datetime NOT NULL,
  `updatedAt` datetime NOT NULL,
  `deletedAt` datetime DEFAULT NULL,
  PRIMARY KEY (`id`),
  UNIQUE KEY `true` (`name`)
) ENGINE=InnoDB AUTO_INCREMENT=6 DEFAULT CHARSET=utf8mb4 COLLATE=utf8mb4_0900_ai_ci;
/*!40101 SET character_set_client = @saved_cs_client */;

--
-- Dumping data for table `paymenttypes`
--

LOCK TABLES `paymenttypes` WRITE;
/*!40000 ALTER TABLE `paymenttypes` DISABLE KEYS */;
INSERT INTO `paymenttypes` (`id`, `name`, `createdAt`, `updatedAt`, `deletedAt`) VALUES (1,'Efectivo','2023-04-16 18:39:09','2023-05-02 00:54:58',NULL),(2,'Tarjeta','2023-04-16 18:39:24','2023-05-02 00:54:58',NULL),(3,'Cheques','2023-04-16 18:39:30','2023-05-02 00:54:58',NULL),(4,'Transferencia Bancaria','2023-04-16 18:40:13','2023-05-02 00:54:58',NULL),(5,'ornella_maldita','2023-08-11 01:25:31','2023-08-11 01:25:42','2023-08-11 01:25:46');
/*!40000 ALTER TABLE `paymenttypes` ENABLE KEYS */;
UNLOCK TABLES;

--
-- Table structure for table `pricehistorials`
--

DROP TABLE IF EXISTS `pricehistorials`;
/*!40101 SET @saved_cs_client     = @@character_set_client */;
/*!50503 SET character_set_client = utf8mb4 */;
CREATE TABLE `pricehistorials` (
  `id` bigint NOT NULL AUTO_INCREMENT,
  `ContractId` bigint NOT NULL,
  `amount` float NOT NULL,
  `year` int NOT NULL,
  `percent` float NOT NULL,
  `createdAt` datetime NOT NULL,
  `updatedAt` datetime NOT NULL,
  PRIMARY KEY (`id`),
  UNIQUE KEY `avoidMorethanonepriceForContractAtTheSameYear` (`ContractId`,`year`),
  CONSTRAINT `pricehistorials_ibfk_1` FOREIGN KEY (`ContractId`) REFERENCES `contracts` (`id`) ON DELETE CASCADE ON UPDATE CASCADE
) ENGINE=InnoDB AUTO_INCREMENT=59 DEFAULT CHARSET=utf8mb4 COLLATE=utf8mb4_0900_ai_ci;
/*!40101 SET character_set_client = @saved_cs_client */;

--
-- Dumping data for table `pricehistorials`
--

LOCK TABLES `pricehistorials` WRITE;
/*!40000 ALTER TABLE `pricehistorials` DISABLE KEYS */;
INSERT INTO `pricehistorials` (`id`, `ContractId`, `amount`, `year`, `percent`, `createdAt`, `updatedAt`) VALUES (1,1,12500,1,0,'2023-04-21 14:17:13','2023-05-02 00:55:00'),(2,2,36200,1,0,'2023-04-21 14:24:41','2023-05-02 00:55:00'),(3,3,24278,1,0,'2023-04-21 14:28:16','2023-05-02 00:55:00'),(4,4,11515,1,0,'2023-04-21 14:36:49','2023-05-02 00:55:00'),(5,5,15092,1,0,'2023-04-21 14:38:36','2023-05-02 00:55:00'),(6,6,22404,1,0,'2023-04-21 14:40:47','2023-05-02 00:55:00'),(7,7,16800,1,0,'2023-04-21 14:42:30','2023-05-02 00:55:00'),(8,8,25800,1,0,'2023-04-21 14:52:25','2023-05-02 00:55:00'),(9,9,21800,1,0,'2023-04-21 14:53:42','2023-05-02 00:55:00'),(10,10,27830,1,0,'2023-04-21 14:55:10','2023-05-02 00:55:00'),(11,11,38800,1,0,'2023-04-21 15:13:12','2023-05-02 00:55:00'),(12,12,30193,1,0,'2023-04-21 15:16:58','2023-05-02 00:55:00'),(13,15,49200,1,0,'2023-04-21 15:34:41','2023-05-02 00:55:00'),(14,16,13440,1,0,'2023-04-21 15:52:08','2023-05-02 00:55:00'),(15,17,19800,1,0,'2023-04-21 15:54:20','2023-05-02 00:55:00'),(16,18,35841,1,0,'2023-04-21 15:55:49','2023-05-02 00:55:00'),(17,19,2525,1,0,'2023-04-21 16:29:02','2023-05-02 00:55:00'),(18,20,22644,1,0,'2023-04-21 16:30:50','2023-05-02 00:55:00'),(19,21,12500,1,0,'2023-04-21 16:33:28','2023-05-02 00:55:00'),(20,22,36036,1,0,'2023-04-21 16:36:33','2023-05-02 00:55:00'),(21,23,65100,1,0,'2023-04-21 16:38:19','2023-05-02 00:55:00'),(22,24,44623,1,0,'2023-04-21 16:47:43','2023-05-02 00:55:00'),(23,25,22350,1,0,'2023-04-21 16:50:54','2023-05-02 00:55:00'),(24,26,36800,1,0,'2023-04-21 16:56:29','2023-05-02 00:55:00'),(25,27,44010,1,0,'2023-04-21 16:58:07','2023-05-02 00:55:00'),(26,28,59600,1,0,'2023-04-21 17:00:14','2023-05-02 00:55:00'),(27,29,22000,1,0,'2023-04-21 17:04:30','2023-05-02 00:55:00'),(28,30,52050,1,0,'2023-04-21 17:06:41','2023-05-02 00:55:00'),(29,31,32038,1,0,'2023-04-21 17:08:37','2023-05-02 00:55:00'),(30,32,22700,1,0,'2023-04-21 17:11:36','2023-05-02 00:55:00'),(33,35,23586,1,0,'2023-04-21 17:28:00','2023-05-02 00:55:00'),(34,39,18500,1,0,'2023-04-21 17:34:01','2023-05-02 00:55:00'),(35,40,30960,1,0,'2023-04-21 17:35:55','2023-05-02 00:55:00'),(36,41,56000,1,0,'2023-04-21 17:37:57','2023-05-02 00:55:00'),(37,42,50000,1,0,'2023-04-21 17:40:12','2023-05-02 00:55:00'),(38,43,13800,1,0,'2023-04-21 17:41:54','2023-05-02 00:55:00'),(39,44,13290,1,0,'2023-04-21 17:43:22','2023-05-02 00:55:00'),(40,45,70000,1,0,'2023-04-21 17:44:40','2023-05-02 00:55:00'),(41,46,66800,1,0,'2023-04-21 17:53:10','2023-05-02 00:55:00'),(42,47,17710,1,0,'2023-04-21 17:54:48','2023-05-02 00:55:00'),(43,48,26800,1,0,'2023-04-21 17:56:03','2023-05-02 00:55:00'),(44,49,24700,1,0,'2023-04-21 17:58:58','2023-05-02 00:55:00'),(45,50,26300,1,0,'2023-04-21 18:00:43','2023-05-02 00:55:00'),(46,13,0,1,0,'2023-04-21 18:00:43','2023-05-02 00:55:00'),(47,54,4545,1,45,'2023-04-26 01:40:41','2023-05-04 21:43:27'),(50,55,89000,1,0,'2023-05-15 18:05:44','2023-05-15 18:05:44'),(51,44,30000,2,50,'2023-06-12 16:00:23','2023-07-16 23:15:06'),(52,44,42500,3,40,'2023-08-10 19:01:36','2023-08-10 19:02:20'),(53,56,85000,1,0,'2023-09-04 16:38:38','2023-09-09 02:53:06'),(54,57,135000,1,0,'2023-09-08 20:10:03','2023-09-08 20:10:03'),(55,58,250000,1,0,'2023-11-02 19:21:40','2023-11-02 19:21:40'),(56,6,33606,2,50,'2023-11-03 04:35:18','2023-11-03 04:35:18'),(57,59,1232320,1,0,'2023-11-06 13:34:00','2023-11-06 13:34:00'),(58,59,2094940,2,70,'2023-11-06 14:01:29','2023-11-06 14:01:29');
/*!40000 ALTER TABLE `pricehistorials` ENABLE KEYS */;
UNLOCK TABLES;

--
-- Table structure for table `properties`
--

DROP TABLE IF EXISTS `properties`;
/*!40101 SET @saved_cs_client     = @@character_set_client */;
/*!50503 SET character_set_client = utf8mb4 */;
CREATE TABLE `properties` (
  `id` bigint NOT NULL AUTO_INCREMENT,
  `ZoneId` bigint NOT NULL,
  `PropertyTypeId` bigint NOT NULL,
  `OwnerId` bigint NOT NULL,
  `street` varchar(100) NOT NULL,
  `number` varchar(5) NOT NULL,
  `floor` varchar(2) DEFAULT NULL,
  `dept` varchar(2) DEFAULT NULL,
  `isFor` varchar(8) NOT NULL DEFAULT 'Alquiler',
  `nroPartWater` varchar(50) DEFAULT NULL,
  `nroPartMuni` varchar(50) DEFAULT NULL,
  `nroPartAPI` varchar(50) DEFAULT NULL,
  `nroPartGas` varchar(50) DEFAULT NULL,
  `state` varchar(7) NOT NULL DEFAULT 'Libre',
  `description` longtext,
  `folderNumber` varchar(10) DEFAULT NULL,
  `createdAt` datetime NOT NULL,
  `updatedAt` datetime NOT NULL,
  `deletedAt` datetime DEFAULT NULL,
  PRIMARY KEY (`id`),
  UNIQUE KEY `properties_folderNumber_unique` (`folderNumber`),
  UNIQUE KEY `uniqueKeyProperty` (`street`,`number`,`floor`,`dept`),
  KEY `ZoneId` (`ZoneId`),
  KEY `PropertyTypeId` (`PropertyTypeId`),
  KEY `OwnerId` (`OwnerId`),
  CONSTRAINT `properties_ibfk_52` FOREIGN KEY (`ZoneId`) REFERENCES `zones` (`id`) ON UPDATE CASCADE,
  CONSTRAINT `properties_ibfk_53` FOREIGN KEY (`PropertyTypeId`) REFERENCES `propertytypes` (`id`) ON UPDATE CASCADE,
  CONSTRAINT `properties_ibfk_54` FOREIGN KEY (`OwnerId`) REFERENCES `owners` (`id`) ON DELETE RESTRICT ON UPDATE CASCADE
) ENGINE=InnoDB AUTO_INCREMENT=56 DEFAULT CHARSET=utf8mb4 COLLATE=utf8mb4_0900_ai_ci;
/*!40101 SET character_set_client = @saved_cs_client */;

--
-- Dumping data for table `properties`
--

LOCK TABLES `properties` WRITE;
/*!40000 ALTER TABLE `properties` DISABLE KEYS */;
INSERT INTO `properties` (`id`, `ZoneId`, `PropertyTypeId`, `OwnerId`, `street`, `number`, `floor`, `dept`, `isFor`, `nroPartWater`, `nroPartMuni`, `nroPartAPI`, `nroPartGas`, `state`, `description`, `folderNumber`, `createdAt`, `updatedAt`, `deletedAt`) VALUES (1,3,2,1,'Ituzaingo','744','00','06','Alquiler','109-016-7256-006-5','22033705 C. de gestion 10510204','16-03-02-224915/0010-4','','Ocupado','Adm. no tiene','150','2023-04-20 17:15:53','2023-05-02 00:54:58',NULL),(2,2,2,2,'Caferatta','2033','03','03','Alquiler','','','','','Ocupado','Administración Neiman // Tel.: 3415632420 // \nMail: maira_neiman@hotmail.com','184','2023-04-20 17:17:35','2023-05-02 00:54:58',NULL),(3,3,2,15,'Gaboto','3573','00','04','Alquiler','','1107197-04 c. DE GESTION 34185710','16-03-11-309378/0016-1','','Ocupado','','207','2023-04-20 17:19:13','2023-05-02 00:54:58',NULL),(4,3,2,15,'Gaboto','3573','00','03','Alquiler','','1107204-11 C. de gestion 34186402','16-03-11-309378/0015-2','','Ocupado','','208','2023-04-20 17:19:57','2023-05-02 00:54:58',NULL),(5,3,3,15,'Gaboto','3573','00','05','Alquiler','','1107203-02 C. de gestion 34186304','16-03-11-309378/0017-0','','Ocupado','','209','2023-04-20 17:20:36','2023-05-02 00:54:58',NULL),(6,5,3,26,'Buenos Aires','880','01','04','Alquiler','109-0023226-009-1','0111930-03','16-03-01-217000/0009-0','','Ocupado','Adm. Sergio Gasparroni Tel 4402573 Mail: adm.gasparroni@gmail.com','114','2023-04-20 17:21:19','2023-05-02 00:54:58',NULL),(7,3,3,3,'Gaboto','1821','04','02','Alquiler','109-0114791-038-2','31186311','16-03-237250/0388-1','','Ocupado','Adm. Grappiolo Tel: 4494529 / 155520337 / ','117','2023-04-20 17:24:32','2023-05-02 00:54:58',NULL),(8,3,2,3,'Cerrito','553','02','03','Alquiler','109-0147175-009-9','','16-03-02-226541/0011-8','','Ocupado','Adm. ESTUDIO FENIX / Tel: 3415 85-7622 / Mail: estudio-fenix@hotmail.com \n\n','123','2023-04-20 17:25:33','2023-05-02 00:54:58',NULL),(9,3,3,3,'Gaboto','1875','06','04','Alquiler','109-0108064-028-5','','16-03-03-237250/0228-6','','Ocupado','Adm. Ana Maria Eraso / Tel: 3415 66-6959','118','2023-04-20 17:27:09','2023-05-02 00:54:58',NULL),(10,5,7,4,'Maipu ','1431','02','01','Alquiler','','Cuenta 0012127002 Cod. gestion 0002083808','16-03-01-221119/0004-9','','Ocupado','No tiene adm.','108','2023-04-20 17:27:59','2023-05-02 00:54:58',NULL),(11,3,1,5,'Mitre','2458','02','03','Alquiler','','','','','Ocupado','','186','2023-04-20 17:29:12','2023-05-02 00:54:58',NULL),(12,5,3,6,'San Lorenzo','863','03','02','Alquiler','109-0014756-009-8','0176626-11 C. de Gestion 7372607','16-03-01-216127/0008-0','','Ocupado','Adm. ','131','2023-04-20 17:30:47','2023-05-02 00:54:58',NULL),(13,5,3,21,'san lorenzo','863','04','02','Alquiler','','0176628-07  C. de Gestion 7372803','','','Ocupado','','153','2023-04-20 17:31:52','2023-05-02 00:54:58',NULL),(14,3,3,8,'Gaboto','1821','01','02','Alquiler','','','','','Ocupado','','104','2023-04-20 17:34:41','2023-05-02 00:54:58',NULL),(15,5,2,9,'sarmiento','1247','07','02','Alquiler','','','','','Ocupado','','182','2023-04-20 17:35:34','2023-09-08 20:10:03',NULL),(16,5,3,10,'San Martin','1421','01','04','Alquiler','','','','','Ocupado','','106','2023-04-20 17:36:23','2023-05-02 00:54:58',NULL),(17,5,2,12,'Mendoza','989','05','03','Alquiler','109-0013842-019-5   0000359084','0140997-02','16-03-01-219393/0015-2','','Ocupado','Adm. Centro','116','2023-04-20 17:37:57','2023-05-02 00:54:58',NULL),(18,5,1,13,'Sarmiento','1247','02','05','Alquiler','','172461-04 C. de gestion 6990505','16-03-01-219389/0017-7','','Ocupado','Adm. Centro','176','2023-04-20 17:40:03','2023-05-02 00:54:58',NULL),(19,5,1,14,'Mitre','757','08','06','Alquiler','','109166-02 C. de gestion 896103','16-03-01-216479/0020-4','','Ocupado','Adm. Bone - Tel: 4110033 / 156984300 / 152036094 / Mail: contacto@bone.com.ar','202','2023-04-20 17:41:01','2023-05-02 00:54:58',NULL),(20,5,2,15,'Corrientes','1273','07','02','Alquiler','','','','','Ocupado','','127','2023-04-20 17:42:20','2023-05-02 00:54:58',NULL),(21,3,6,15,'Vera Mujica','2106','','','Alquiler','109-0107762-000-1','1003725-10 C. de Gestion 13329405','16-03-10-302763/002-8','','Ocupado','','143','2023-04-20 17:42:56','2023-05-02 00:54:58',NULL),(22,3,3,16,'1º de Mayo','2551','05','02','Alquiler','','','','','Ocupado','','203','2023-04-20 17:43:55','2023-05-02 00:54:58',NULL),(23,5,3,45,'Cda. Ricardone','1376','04','02','Alquiler','00367660','141943-09  Código gestión 4116505','16-03-01-217387/0007-0','','Ocupado','Adm. gordito boludo Nicolás García / Tel: 3416 89-8359 / Mail: nicolasrgarcia@hotmail.com','183','2023-04-20 17:50:37','2023-05-02 00:54:58',NULL),(24,5,2,18,'3 de Febrero ','2289','01','04','Alquiler','109-0032850-008- 7 unidad fac. 412598','TGI 91531001   //  12211008','16030928729600133  // 729734','','Ocupado','Adm. Centro','171','2023-04-20 17:51:49','2023-05-02 00:54:58',NULL),(25,5,2,18,'Necochea','1334','05','02','Alquiler','1090009026209','TGI  18602106 // 8206611','16030122055300202','','Ocupado','Adm. Centro','191','2023-04-20 17:53:05','2023-05-02 00:54:58',NULL),(26,5,2,18,'Zeballos','74','01','04','Alquiler','','14275211 //  4190110','','','Ocupado','Adm. Joaquín García 341 3075960  // Mail: joaquin.luc.garcia@hotmail.es ','155','2023-04-20 17:54:29','2023-11-02 19:21:40',NULL),(31,5,1,18,'Necochea','1334','01','03','Alquiler','00822041','18601011 / 8205603','160301-220553/0009-9 cod. 1819838','cliente 21790304 persona 1224213','Ocupado','C 192','192','2023-04-20 17:57:03','2023-05-02 00:54:58',NULL),(32,5,2,19,'Zeballos','867','08','03','Alquiler','nº 109-0013500-027-1 Uni. Fac. 0000356282','17952110  Código gestión 76420005','Partida 160301-221855/0028-2 Codigo 0924314','','Ocupado','Adm. Centro','152','2023-04-20 17:57:52','2023-05-02 00:54:58',NULL),(33,5,1,20,'España','437','01','04','Alquiler','109-0011125-017-1 unidad fac. 335946','Cuenta 13259910 Cod. personal 3198604','16-03-01-215066/0039-5','Cliente 0004390207 Persona 2238139','Libre','Adm. Veronica Valdez / Sarmiento 424 / Tel. 3412 669222 / 7923403 / Mail:  info.v.valdez@gmail.com','198','2023-04-20 17:58:29','2023-05-02 00:54:58',NULL),(34,5,1,22,'Sarmiento','1247','06','07','Alquiler','','','','','Ocupado','','175','2023-04-20 17:59:33','2023-05-02 00:54:58',NULL),(36,5,2,28,'Sarmiento ','1247','01','02','Alquiler','','','','','Ocupado','','177','2023-04-20 18:01:34','2023-05-02 00:54:58',NULL),(37,3,2,28,'Riobamba','40 bi','01','02','Alquiler','','','','','Ocupado','','196','2023-04-20 18:02:13','2023-05-02 00:54:58',NULL),(38,5,2,29,'La Paz','1138','00','03','Alquiler','','','','','Ocupado','','161','2023-04-20 18:03:47','2023-05-02 00:54:58',NULL),(39,5,1,31,'Pellegrini','1068','01','03','Alquiler','109-0014428-005-4 punto suministro: 00363346','Cuenta: 17260506 Cod.: 7004905','16-03-01-222550/0004-9 Cod.: 0285334','','Ocupado','Adm. Cuenca // Mail: flocuenca@hotmail.com // Paraguay 1227 PB B Teléfono 6799965\nCunata Banco: PAGO POR TRANSFERENCIA Y/O DEPOSITO BANCARIO:\nBANCO NACIÓN - CAJA DE AHORROS EN PESOS No 4442648095 SUCURSAL 3020\nCBU 0110444230044426480951 ALIAS HUEVO.DIOS.PEON TITULARES FLORENCIA CUENCA CUIT 27250077063/IGNACIO AGUILAR 20239788026','136','2023-04-20 18:04:42','2023-09-04 16:38:38',NULL),(40,5,1,37,'Sarmiento','1247','00','03','Alquiler','109-0008869-003-7 /  320995','17244611   /  6989003',' 16030121938900025','','Ocupado','Adm. Centro','132','2023-04-20 18:05:32','2023-05-02 00:54:58',NULL),(41,3,6,38,'Pj. Costarelli','5368','01','','Alquiler','','','','','Ocupado','','195','2023-04-20 18:06:33','2023-05-02 00:54:58',NULL),(42,3,8,38,'Regimiento 11 ','178','','','Alquiler','','','','','Ocupado','','195 bis','2023-04-20 18:07:15','2023-05-02 00:54:58',NULL),(43,5,2,39,'3 de Febrero 2289','2289','02','04','Alquiler','109-0032850-008-7 unidad de fac. 412598','915313-06   Código de gestión 12211302','16-03-09-287296/0007-2   781554',' Gas Contrato Nº 4572903 Persona 1268262','Ocupado','Adm. Centro','188','2023-04-20 18:08:46','2023-11-06 13:34:00',NULL),(44,5,5,40,'Corrientes','1591','00','06','Alquiler','109-0016591-006-8 unidad 381185 cuenta 0016591','Cuenta 12234209 Cod. personal 2189709','160301-221732/0001-1 partida 0246734','','Ocupado','','165','2023-04-20 18:09:42','2023-05-02 00:54:58',NULL),(45,5,2,41,'Sarmiento','1247','08','03','Alquiler','','','','','Ocupado','','185','2023-04-20 18:11:00','2023-05-02 00:54:58',NULL),(46,5,2,42,'Buenos Aires','1659','00','03','Alquiler','','0012397008 gestion personal 0002348206','16030122268700107','','Ocupado','Adm. Centro','112','2023-04-20 18:12:10','2023-05-02 00:54:58',NULL),(47,5,1,43,'Sarmiento','1247','07','04','Alquiler','109-0008869-057-3   0000321049','','16-03-01-219389/0056-6','','Ocupado','Administracion Centro','110','2023-04-20 18:13:47','2023-05-02 00:54:58',NULL),(50,5,3,44,'Urquiza ','1949','13','04','Alquiler','','','','','Ocupado','Adm. German Sordoni Tel: 4476411 // 3416 68-9428 // Mail: c-a-abdala@hotmail.com','197','2023-04-20 18:15:49','2023-05-02 00:54:58',NULL),(51,5,2,44,'Urquiza','1949','07','06','Alquiler','punto de suministro 00335557','161923-03 C. de gestion 5962310','16-03-01-215356/0271-9','cliente 0009410701 persona 94107','Ocupado','Adm. German Sordoni Tel: 4476411 // 3416 68-9428 // Mail: c-a-abdala@hotmail.com','200','2023-04-20 18:18:01','2023-05-02 00:54:58',NULL),(52,5,3,44,'Sarmiento','1247','06','08','Alquiler','','172395-02 C. de gestion 6983903','16-03-01-219389/0052-0','','Ocupado','','199','2023-04-20 18:18:38','2023-05-02 00:54:58',NULL),(53,5,1,46,'Sarmiento','1247','03','07','Alquiler','','','','','Ocupado','','168','2023-04-20 18:19:49','2023-05-02 00:54:58',NULL),(54,5,1,47,'3 de Febrero ','1366','01','04','Alquiler','','','','','Ocupado','','109','2023-04-21 14:35:36','2023-05-02 00:54:58',NULL),(55,5,2,18,'COLON','1256','04','05','Alquiler','','17240405','16-03-01-219389/0061-8','','Ocupado','“Administración O.D.A.I.” // Rioja 2935 PB // Te.: (0341) 4-391016/4-215840 // Mail: cdoino@hotmail.com','151','2023-04-21 16:49:30','2023-05-02 00:54:58',NULL);
/*!40000 ALTER TABLE `properties` ENABLE KEYS */;
UNLOCK TABLES;

--
-- Table structure for table `propertytypes`
--

DROP TABLE IF EXISTS `propertytypes`;
/*!40101 SET @saved_cs_client     = @@character_set_client */;
/*!50503 SET character_set_client = utf8mb4 */;
CREATE TABLE `propertytypes` (
  `id` bigint NOT NULL AUTO_INCREMENT,
  `description` varchar(255) NOT NULL,
  `createdAt` datetime NOT NULL,
  `updatedAt` datetime NOT NULL,
  PRIMARY KEY (`id`),
  UNIQUE KEY `propertytypes_description_unique` (`description`)
) ENGINE=InnoDB AUTO_INCREMENT=11 DEFAULT CHARSET=utf8mb4 COLLATE=utf8mb4_0900_ai_ci;
/*!40101 SET character_set_client = @saved_cs_client */;

--
-- Dumping data for table `propertytypes`
--

LOCK TABLES `propertytypes` WRITE;
/*!40000 ALTER TABLE `propertytypes` DISABLE KEYS */;
INSERT INTO `propertytypes` (`id`, `description`, `createdAt`, `updatedAt`) VALUES (1,'Monoambiente','2023-04-20 17:13:10','2023-05-02 00:54:58'),(2,'Depto. 1 dormitorio','2023-04-20 17:13:26','2023-05-02 00:54:58'),(3,'Depto. 2 dormitorios','2023-04-20 17:13:34','2023-05-02 00:54:58'),(4,'Cochera','2023-04-20 17:13:40','2023-09-25 18:03:39'),(5,'Local','2023-04-20 17:13:46','2023-05-02 00:54:58'),(6,'Casa 2 dormitorios','2023-04-20 17:14:01','2023-05-02 00:54:58'),(7,'Depto. 3 dormitorios','2023-04-20 17:14:31','2023-05-02 00:54:58'),(8,'Casa 3 dormitorios','2023-04-20 17:14:43','2023-05-02 00:54:58');
/*!40000 ALTER TABLE `propertytypes` ENABLE KEYS */;
UNLOCK TABLES;

--
-- Table structure for table `visits`
--

DROP TABLE IF EXISTS `visits`;
/*!40101 SET @saved_cs_client     = @@character_set_client */;
/*!50503 SET character_set_client = utf8mb4 */;
CREATE TABLE `visits` (
  `id` bigint NOT NULL AUTO_INCREMENT,
  `PropertyId` bigint NOT NULL,
  `date` datetime NOT NULL,
  `description` varchar(255) DEFAULT NULL,
  `participants` json NOT NULL,
  `createdAt` datetime NOT NULL,
  `updatedAt` datetime NOT NULL,
  PRIMARY KEY (`id`),
  UNIQUE KEY `visitUnique` (`PropertyId`,`date`),
  CONSTRAINT `visits_ibfk_1` FOREIGN KEY (`PropertyId`) REFERENCES `properties` (`id`) ON DELETE RESTRICT ON UPDATE CASCADE
) ENGINE=InnoDB AUTO_INCREMENT=11 DEFAULT CHARSET=utf8mb4 COLLATE=utf8mb4_0900_ai_ci;
/*!40101 SET character_set_client = @saved_cs_client */;

--
-- Dumping data for table `visits`
--

LOCK TABLES `visits` WRITE;
/*!40000 ALTER TABLE `visits` DISABLE KEYS */;
INSERT INTO `visits` (`id`, `PropertyId`, `date`, `description`, `participants`, `createdAt`, `updatedAt`) VALUES (3,8,'1970-01-01 00:00:00','description','\"[{\\\"phone\\\":\\\"1232323123\\\",\\\"fullName\\\":\\\"james\\\",\\\"email\\\":\\\"james@text.com\\\"},{\\\"phone\\\":\\\"897897897897\\\",\\\"fullName\\\":\\\"otr\\\",\\\"email\\\":\\\"otr@gmail.com\\\",\\\"id\\\":\\\"68f364e6-e28b-434d-a8bf-8e4db6ad9b93\\\"}]\"','2023-09-08 20:39:29','2023-10-12 02:27:03'),(8,8,'1970-01-01 00:00:01','56756','\"[{\\\"phone\\\":\\\"1232323123\\\",\\\"fullName\\\":\\\"james\\\",\\\"email\\\":\\\"james@text.com\\\"},{\\\"phone\\\":\\\"8090907908\\\",\\\"fullName\\\":\\\"aNABEL\\\",\\\"email\\\":\\\"ANEABLE@text.com\\\"}]\"','2023-09-08 20:43:33','2023-09-08 20:43:33'),(10,55,'2023-09-30 01:54:00','this the best descripcion ever bro you gto dhjdh this the best descripcion ever bro you gto dhjdh this the best descripcion ever bro you gto dhjdh this the best descripcion ever bro you gto dhjdh this the beshjkkh jkjhkjhkjhkjhkghjk gh khk hfhghjk ghk fgh','\"[{\\\"phone\\\":\\\"78767698\\\",\\\"fullName\\\":\\\"first\\\",\\\"email\\\":\\\"first@gmail.com\\\",\\\"id\\\":\\\"ee7461f2-89c3-455c-9e5b-2c2458ab90ff\\\"},{\\\"phone\\\":\\\"90980980\\\",\\\"fullName\\\":\\\"segond\\\",\\\"email\\\":\\\"segond@gmail.com\\\",\\\"id\\\":\\\"661024ee-54fd-4944-be92-a9f4f2394a1b\\\"},{\\\"phone\\\":\\\"5674674\\\",\\\"fullName\\\":\\\"rtugfj\\\",\\\"email\\\":\\\"dhsjhgj@text.cio\\\",\\\"id\\\":\\\"f9efc80f-43a8-4f1c-a1bc-0d9c15d573e5\\\"}]\"','2023-09-08 20:53:46','2023-09-08 20:57:36');
/*!40000 ALTER TABLE `visits` ENABLE KEYS */;
UNLOCK TABLES;

--
-- Table structure for table `zones`
--

DROP TABLE IF EXISTS `zones`;
/*!40101 SET @saved_cs_client     = @@character_set_client */;
/*!50503 SET character_set_client = utf8mb4 */;
CREATE TABLE `zones` (
  `id` bigint NOT NULL AUTO_INCREMENT,
  `name` varchar(50) NOT NULL,
  `createdAt` datetime NOT NULL,
  `updatedAt` datetime NOT NULL,
  PRIMARY KEY (`id`),
  UNIQUE KEY `true` (`name`)
) ENGINE=InnoDB AUTO_INCREMENT=13 DEFAULT CHARSET=utf8mb4 COLLATE=utf8mb4_0900_ai_ci;
/*!40101 SET character_set_client = @saved_cs_client */;

--
-- Dumping data for table `zones`
--

LOCK TABLES `zones` WRITE;
/*!40000 ALTER TABLE `zones` DISABLE KEYS */;
INSERT INTO `zones` (`id`, `name`, `createdAt`, `updatedAt`) VALUES (2,'Norte','2023-04-16 18:37:52','2023-05-02 00:54:58'),(3,'Sur','2023-04-16 18:38:02','2023-05-02 00:54:58'),(4,'Oeste','2023-04-16 18:38:14','2023-05-02 00:54:58'),(5,'Centro','2023-04-16 18:38:19','2023-05-02 00:54:58'),(6,'Este','2023-04-16 18:38:25','2023-05-02 00:54:58');
/*!40000 ALTER TABLE `zones` ENABLE KEYS */;
UNLOCK TABLES;
/*!40103 SET TIME_ZONE=@OLD_TIME_ZONE */;

/*!40101 SET SQL_MODE=@OLD_SQL_MODE */;
/*!40014 SET FOREIGN_KEY_CHECKS=@OLD_FOREIGN_KEY_CHECKS */;
/*!40014 SET UNIQUE_CHECKS=@OLD_UNIQUE_CHECKS */;
/*!40101 SET CHARACTER_SET_CLIENT=@OLD_CHARACTER_SET_CLIENT */;
/*!40101 SET CHARACTER_SET_RESULTS=@OLD_CHARACTER_SET_RESULTS */;
/*!40101 SET COLLATION_CONNECTION=@OLD_COLLATION_CONNECTION */;
/*!40111 SET SQL_NOTES=@OLD_SQL_NOTES */;

-- Dump completed on 2023-12-13 21:08:02
